Displacement (mm),Load (N)
0.000291009769171069,0.720460414886475
9.89437776155455e-06,0.511863589286804
-4.58907969402844e-05,0.875712990760803
3.6089598864919e-05,1.52502584457397
-1.74732157631752e-05,1.39687705039978
0.00018639077836724,0.139157325029373
4.87453775122049e-05,0.573540925979614
0.000204470083531305,2.64713668823242
0.000137823704449147,2.15581798553467
7.23457986850917e-05,1.76000916957855
9.74676623854975e-05,2.21879768371582
5.68866198591422e-05,2.58907842636108
9.55712877726e-05,2.363041639328
8.54151807061498e-05,3.66842889785767
-7.32305807105149e-05,3.42314004898071
8.41966318887444e-06,4.04449510574341
8.79396040431857e-05,5.13363647460938
-6.98694968548352e-06,5.45491456985474
2.70060063201072e-05,5.86937618255615
0.000169388741255716,7.15525197982788
0.000135365183950853,8.03527736663818
2.07942409957695e-05,8.99893665313721
-0.000115647090126458,9.36891078948975
9.9769856376497e-05,9.79991626739502
9.55028696125737e-05,11.6079511642456
-0.000137225143248543,11.1559152603149
9.6748109967848e-05,11.6716251373291
0.000165520887662751,13.9172382354736
0.000188127785349934,15.6948385238647
8.04286344191496e-05,15.6407203674316
0.0002140682369145,17.4520835876465
0.000412298703622582,18.4517345428467
0.00031338498729383,20.1163864135742
0.00019088085423391,21.3964347839355
0.000263307867953699,22.0712413787842
0.000144549190395082,23.5768013000488
0.00014010615245752,24.051721572876
2.6921172846528e-05,25.6819190979004
-6.56244836250153e-05,27.1002101898193
0.000368083448165635,28.4404792785645
1.45732972356427e-05,29.3216400146484
0.000118171790575161,30.721248626709
0.000278693619293335,32.4649543762207
0.000248931797841578,33.831413269043
0.000113660036049623,34.6576652526855
0.000196808628061262,36.1613235473633
0.000340866904480208,37.0865669250488
0.00035265071574031,39.2321548461914
4.5868823406181e-05,39.6010780334473
4.10260767580439e-05,43.1100463867188
0.000411407569345101,44.4045791625977
0.000142776869438421,46.5454025268555
0.000361372428869799,48.9878425598145
0.000132044164047329,51.0272483825684
0.000265141665067858,51.6639251708984
0.000148865126448072,54.2717895507813
0.00039710934629511,56.4375305175781
0.000545924422112876,58.4850273132324
0.000507950687733683,60.9790954589844
0.000306264269056555,62.0575637817383
0.00042019965462714,64.7129974365234
0.000513891791342758,66.0531234741211
0.000315660486194247,67.5070114135742
0.000486539249777707,70.1518020629883
0.000377938363271824,72.4633560180664
0.000568470682082989,74.5124435424805
0.000443923568127502,76.4555892944336
0.00031216896445585,78.3188247680664
0.000571010957628459,80.7512664794922
0.000608141931479622,83.1685104370117
0.000411732713700985,84.1456756591797
0.000454404016636545,86.6747055053711
0.000561003616894595,89.7562026977539
0.000404984149326992,92.1485366821289
0.000218937401541552,94.0579528808594
0.00041985586562987,96.4609298706055
0.000614844907431689,97.302490234375
0.000664687547669018,98.7807083129883
0.000539539371402498,98.8415374755859
0.000442042477288851,100.944221496582
0.000733038120870333,101.699798583984
0.000619710988303268,104.381294250488
0.000497091150464257,104.126655578613
0.000726814107565588,106.079048156738
0.000499346356264141,108.396286010742
0.000519655770858662,108.483413696289
0.000482027758152981,109.663032531738
0.000417557032506011,111.161636352539
0.000583032317535981,113.196784973145
0.000625895495431905,115.32723236084
0.00051398001232883,117.186721801758
0.000423072322064399,117.639549255371
0.000535027368187002,120.318984985352
0.000533288641690888,121.502906799316
0.000532678996023606,121.743255615234
0.000493842719606619,125.960342407227
0.000473546919010914,126.106315612793
0.000349692101053733,127.568618774414
0.000616161344169086,127.126052856445
0.000753556946619938,129.337020874023
0.000554125165308506,131.26091003418
0.000590347156048665,132.160934448242
0.000410528627980966,135.084884643555
0.000642436987163819,137.452026367188
0.000666124151393888,138.818023681641
0.000177027104086847,140.38117980957
0.000424275299337751,143.05598449707
0.000416261428881626,144.302459716797
0.00055704845181026,145.719863891602
0.000575634828692273,149.337860107422
0.000720517505214957,149.580764770508
0.000597438997829158,151.657531738281
0.000562940101644926,154.05078125
0.000489582930640609,155.766250610352
0.000773523993302661,157.070556640625
0.000414237121049155,158.973098754883
0.000552502513073705,160.509063720703
0.000772306066210149,162.373504638672
0.000352194831521047,163.483932495117
0.000524650090483192,165.026565551758
0.000836019410144218,167.349212646484
0.000598194446865818,168.092651367188
0.000576230036131165,169.77180480957
0.000550465642845666,170.834869384766
0.000561410843147314,173.978988647461
0.000735581181743328,176.496063232422
0.000757133875595173,178.224746704102
0.000854271718253585,179.347259521484
0.000852801122164237,180.733276367188
0.000686790713189112,183.368255615234
0.00085237337543731,184.624237060547
0.000804325850367604,187.256469726563
0.000612413941780687,189.088653564453
0.000816746023701853,190.741149902344
0.000738641006137186,192.340423583984
0.000629646251582017,194.648071289063
0.000865217430146004,195.519317626953
0.000697600455623615,198.398315429688
0.000768419226915285,199.556488037109
0.000785969518801721,200.884735107422
0.000778944183821295,202.675170898438
0.000573274746784591,203.474212646484
0.000689647777107893,206.692611694336
0.000611561404184613,207.90625
0.00101118769180175,209.211486816406
0.000862407603108295,210.031341552734
0.000709953894784121,212.98893737793
0.000493362676934339,213.988861083984
0.000892584750999958,216.255264282227
0.000748726165511471,218.108459472656
0.000654613756978506,220.483810424805
0.000796417396031757,221.880554199219
0.000782410950250778,223.540893554688
0.000801370276803937,225.945755004883
0.000973708210949553,227.06462097168
0.000858124224123458,229.35871887207
0.000884321423200163,230.935012817383
0.000876839635566284,232.580139160156
0.000806965374522406,234.511947631836
0.000808336949376098,236.138824462891
0.000821276671558735,237.642837524414
0.000778502226239652,238.816207885742
0.000701485816989589,240.2861328125
0.000686174359998404,240.780807495117
0.000693562071774068,243.264602661133
0.000815044074897742,245.17512512207
0.00106683637568494,246.539337158203
0.000893841161087039,247.203872680664
0.000991995534604939,248.407516479492
0.000727872702555032,249.59846496582
0.00099519445484475,252.486419677734
0.000880286961546517,254.37190246582
0.000815185956071218,256.310150146484
0.000622073514477961,258.227478027344
0.000916490591862384,260.973449707031
0.00073119900889651,262.386322021484
0.000832857722343761,263.136077880859
0.000865717026954371,264.996520996094
0.000838283426674025,267.015991210938
0.0011607166925387,268.675567626953
0.000601606984673708,269.827056884766
0.000750052890907682,272.118041992188
0.000942870485687308,272.708221435547
0.00103468960332975,275.132965087891
0.00109403458736779,276.546600341797
0.000788782642757724,278.587921142578
0.00103798788586573,279.8916015625
0.000921108266993542,282.935882568359
0.00091028351789646,284.378173828125
0.00118497564471909,286.546600341797
0.000953841890805052,288.656921386719
0.00103590866729064,291.811279296875
0.00116076819267619,292.835021972656
0.00128516364839015,295.682495117188
0.00107254277281754,296.752655029297
0.00093106052645453,297.622406005859
0.0011980924909949,300.312622070313
0.000904604974039103,301.112884521484
0.00114986414700979,303.613739013672
0.00104541436485306,305.697967529297
0.000966534344115644,306.943023681641
0.000916339274681377,309.061767578125
0.00112211466785084,311.628570556641
0.00115736099814967,314.740203857422
0.00124448638416652,316.944061279297
0.00104142543477792,319.150817871094
0.00120972856620938,321.521484375
0.000913362612209312,323.707885742188
0.00116844262265658,327.470153808594
0.00119814001209306,328.341552734375
0.00121726077395579,330.685089111328
0.00121527955343481,333.333251953125
0.0010960487770717,335.783172607422
0.00128837996271614,339.64453125
0.00119388766961492,340.628997802734
0.0011367416163921,343.644836425781
0.00120664424230199,345.452575683594
0.000912728410185082,347.698547363281
0.00132818888687325,351.656372070313
0.00124079758734297,353.784698486328
0.00122478081721056,356.237335205078
0.00127360476653848,361.067565917969
0.00113913870336546,363.736907958984
0.00149364257140405,364.982238769531
0.00105891956536652,366.796813964844
0.0013349216487768,370.551025390625
0.00158494390234409,372.752868652344
0.00120084598620451,374.646850585938
0.00146723721172748,377.302581787109
0.00152306927247992,380.228515625
0.00147431171626522,383.475524902344
0.00151071049003804,386.359741210938
0.00129746319998958,388.167938232422
0.00124860571304453,391.719635009766
0.00142001147196424,394.841827392578
0.00156829264597036,397.597473144531
0.00165433186793962,400.027496337891
0.00159213345796161,402.647705078125
0.001441084691578,404.837738037109
0.00157087004026835,408.8623046875
0.00142817623327574,410.741180419922
0.00147802734318248,413.30126953125
0.00166207883012248,415.728820800781
0.00154521410422603,418.130950927734
0.00129796433157026,422.240753173828
0.00144546879710106,425.464996337891
0.00129260490666638,429.225555419922
0.00171348062849574,431.372711181641
0.00168372343978263,436.097106933594
0.00148576100400533,437.814819335938
0.00164081973252905,440.798645019531
0.00151442918649991,444.347564697266
0.00184767020527943,447.132965087891
0.00139847452373942,450.041198730469
0.00150468883930444,453.765563964844
0.00163513493589562,456.667572021484
0.00161609023052733,458.989288330078
0.00166514450938848,462.237121582031
0.00180186066245369,466.335754394531
0.00185050737400161,470.761199951172
0.00170286944012332,473.667266845703
0.00153828045768023,477.449645996094
0.00157121974098118,479.835021972656
0.00169642930814007,484.519714355469
0.00157409385792562,485.873931884766
0.00196745122593711,490.121612548828
0.00167167661402345,492.532684326172
0.00167348764534836,498.1572265625
0.00190189109616767,501.510437011719
0.0018904211174231,505.6455078125
0.00170738655924652,509.658233642578
0.00154352755998843,513.87353515625
0.00161646346441557,517.936767578125
0.0017299363435086,521.890014648438
0.00164316179507296,524.555297851563
0.00171158364992152,527.05810546875
0.00197049007510941,531.619812011719
0.00173281864590535,534.66259765625
0.00175075797415047,540.246948242188
0.00184614953013806,543.736572265625
0.00186668944479607,547.905822753906
0.00163268896358204,553.0341796875
0.00190772925634519,557.209411621094
0.00184516113677091,560.59130859375
0.00198740804080444,565.570251464844
0.00197060012396832,568.537109375
0.00204084858523856,574.1474609375
0.0018839494941858,577.54931640625
0.00204074490284256,582.400451660156
0.00197291615222639,585.739929199219
0.00219076082430547,591.028564453125
0.00199098531084019,596.057922363281
0.0021665757685696,602.160339355469
0.00196165478882904,604.630798339844
0.00223613778871368,610.482971191406
0.00218061927625968,614.581726074219
0.00228409248848038,619.190124511719
0.0022665462893201,623.043151855469
0.00231101057579508,627.232971191406
0.0022759081730328,632.259033203125
0.00216677926800912,637.629577636719
0.00228602220886387,642.389587402344
0.00236925893659645,647.677124023438
0.00234214121519472,652.20068359375
0.00259430203186639,658.463500976563
0.00231915214499168,661.6748046875
0.00245329988501908,666.053466796875
0.00248536889557727,670.633361816406
0.00232253728427168,675.289428710938
0.0026360919491708,681.460510253906
0.00269759016191529,686.203491210938
0.00276904461316008,691.695007324219
0.00274086733043077,698.1201171875
0.00258989007306809,700.897827148438
0.00242477881329251,707.057861328125
0.00281670759250119,711.43408203125
0.00252159907176974,714.66015625
0.00248911737799062,720.797058105469
0.00267317636826192,726.608459472656
0.00262707681031316,732.07421875
0.00261900572695595,740.025817871094
0.00267005111709295,745.220520019531
0.00284174234366219,750.63037109375
0.0027686185148923,753.857727050781
0.00265392327492009,757.868041992188
0.00267678615273326,763.019165039063
0.00280517383544066,768.304138183594
0.00290863545160391,775.688598632813
0.00267083260041545,781.029724121094
0.00270605482910469,788.090087890625
0.00295821155305021,793.199157714844
0.00278686889032542,798.6396484375
0.00263767356045719,804.384521484375
0.0026849022560782,808.692077636719
0.00275889010481478,813.201721191406
0.00280327913060319,819.422790527344
0.00297225801659806,826.524597167969
0.00294452866000938,833.583129882813
0.00306176502817834,839.357299804688
0.00290431466964947,845.208862304688
0.00277389472103096,851.269470214844
0.00301646241496201,854.914489746094
0.00316883620143926,861.846313476563
0.0029007819648541,866.751892089844
0.00282402538687165,874.225402832031
0.00295758127322188,880.9521484375
0.00302372041005583,888.422607421875
0.00293535663331568,894.599731445313
0.00303270326185157,899.940612792969
0.00325030828207673,906.642333984375
0.00325628616337781,910.878051757813
0.00314614021590387,917.257080078125
0.00302860644296743,923.781555175781
0.00299621137855866,930.281188964844
0.00316432488034479,939.419006347656
0.0030675282687298,945.428771972656
0.0033160426937684,951.203125
0.00332857212015369,956.244689941406
0.00314973976855981,961.596740722656
0.00323042536365392,968.402038574219
0.00343810438607761,975.419067382813
0.00330848206431256,983.990905761719
0.00330939792547724,992.081481933594
0.00343539818459249,998.011840820313
0.0034326453715039,1004.82366943359
0.00340521387443005,1009.30401611328
0.00357952262675099,1016.29052734375
0.00351781500285142,1021.6337890625
0.00362954870070098,1028.61743164063
0.00357778617399163,1037.783203125
0.00347251057064568,1045.49035644531
0.0034666604733502,1052.509765625
0.00355829433829058,1058.19677734375
0.00370530165128002,1063.75744628906
0.00326906797454285,1069.31115722656
0.00368061091648997,1076.83666992188
0.00348797038896009,1083.57458496094
0.00363075491804921,1091.66125488281
0.00373503507944406,1099.19641113281
0.00369906410924159,1104.90161132813
0.0037040972529212,1110.45104980469
0.00375636318494799,1116.125
0.00373880402548821,1122.72534179688
0.00372634849554743,1130.24768066406
0.00374663159163902,1138.02307128906
0.00355994961864781,1146.27099609375
0.00369928352483839,1153.33459472656
0.00401909483116469,1160.36376953125
0.00405780747314566,1165.73071289063
0.00381598920284887,1172.35375976563
0.00399441023546387,1178.72778320313
0.00402098612539703,1187.16491699219
0.00411690825785627,1195.98974609375
0.00389115666621365,1204.91430664063
0.00412875078836805,1210.74658203125
0.00392959555028938,1216.99096679688
0.00390826198781724,1222.83850097656
0.00412246208725264,1232.95544433594
0.00390399645766593,1240.40625
0.00413938050769502,1248.89526367188
0.00440009625890525,1257.16479492188
0.00418948775404715,1264.00305175781
0.00384694840249722,1268.51708984375
0.00421695176555659,1276.50402832031
0.00416495549870888,1283.78295898438
0.00426580163548351,1293.02307128906
0.00414816940974561,1302.00952148438
0.00409097492592991,1310.01220703125
0.00430822592534241,1315.93713378906
0.00428197517976514,1323.34924316406
0.00450092056780704,1330.48950195313
0.00434355024481192,1338.49499511719
0.00450252582595567,1348.00891113281
0.00436277287008124,1356.99975585938
0.0045283927647688,1364.11389160156
0.00462666412204271,1371.95446777344
0.00450710740551585,1376.85534667969
0.00478839501738548,1385.78686523438
0.00454444807473919,1392.49792480469
0.00437244580098195,1402.96997070313
0.0045201113607618,1412.44348144531
0.00448280752607388,1419.90161132813
0.00443709632236278,1426.98864746094
0.0044889980017615,1433.29772949219
0.0047073517634999,1443.26989746094
0.00477546063848422,1450.09155273438
0.00470259874418844,1461.26623535156
0.0048490883273189,1469.83605957031
0.0048700962906878,1475.28259277344
0.00461751415059553,1482.43518066406
0.00499153702548938,1491.48583984375
0.00476785453429329,1499.47644042969
0.00489049352836446,1511.25073242188
0.005104559022584,1520.7734375
0.00510974541612086,1528.41040039063
0.00510506379214348,1535.33117675781
0.00503001092511113,1541.65161132813
0.0050378221203573,1550.60021972656
0.00495083850182709,1561.37341308594
0.00542465204489417,1571.29077148438
0.00504637364429072,1579.91906738281
0.00509633764522732,1586.02697753906
0.0053283533816284,1594.51477050781
0.00523730841450742,1603.62231445313
0.00511700909555657,1613.18640136719
0.00521867968927836,1624.52514648438
0.00527452948517748,1632.95654296875
0.00524582446814748,1639.91784667969
0.00538073345524026,1648.52722167969
0.00528876489624963,1656.89965820313
0.00536314837518148,1668.60693359375
0.00548903790331678,1678.68383789063
0.00553565678274026,1689.63598632813
0.00567818324270775,1695.90258789063
0.00537834876013221,1702.0498046875
0.00535468188900268,1712.16662597656
0.00564792253499036,1723.3173828125
0.00558669034944614,1733.14880371094
0.00571906093682628,1743.16137695313
0.00563959065402742,1750.8564453125
0.00565595155421761,1759.3134765625
0.00571152304473799,1768.52807617188
0.00582627853873419,1780.40515136719
0.00581014501221944,1790.84130859375
0.00573522402191884,1798.76232910156
0.00589732508160523,1806.89245605469
0.00588887951380457,1814.67150878906
0.00556437453269609,1824.66381835938
0.0060892712099303,1837.22338867188
0.00610369170317426,1847.37414550781
0.0063138036239252,1857.1923828125
0.00608703385296394,1864.61206054688
0.0063053657868295,1873.63000488281
0.00617867772234604,1884.28894042969
0.00631825014352216,1895.82421875
0.00624040148977656,1905.74340820313
0.00630897829978494,1914.74743652344
0.00647493834549095,1923.17333984375
0.00629869236945524,1930.8447265625
0.00642715576759656,1943.685546875
0.00653019878882333,1955.7197265625
0.00657100372336572,1965.57141113281
0.00674409920975449,1974.17602539063
0.00677325806464069,1983.12817382813
0.00651909067528322,1993.57287597656
0.00660491014059517,2006.0087890625
0.00659773922961904,2017.35290527344
0.00673411796014989,2025.80126953125
0.00671594807499787,2035.61010742188
0.00683581856719684,2044.75109863281
0.00679909408063395,2057.44262695313
0.00675149840390077,2070.94091796875
0.00696831784807728,2078.78125
0.00710407721271622,2087.49487304688
0.00710120411895332,2096.80981445313
0.00681574829286546,2106.97094726563
0.00703932073520264,2120.60815429688
0.00711771554051666,2131.57641601563
0.00724545088814921,2141.708984375
0.00728954228179646,2150.72338867188
0.00737991558708018,2160.38354492188
0.00739537199478946,2172.79296875
0.00749197351979092,2184.52880859375
0.00762067838877556,2193.8173828125
0.00740774839869118,2201.22924804688
0.00727709721104475,2212.64526367188
0.00757948737373226,2225.27319335938
0.00742239308237913,2237.4921875
0.00755097426008433,2247.45947265625
0.00769616144680185,2256.93725585938
0.00774949057813501,2266.40893554688
0.00787458702689037,2280.69409179688
0.0079276478572865,2294.03100585938
0.00783676296123303,2302.49438476563
0.00791795991972322,2312.03637695313
0.00770980932429666,2321.29370117188
0.00790586364018964,2333.3828125
0.00816984447737923,2348.2490234375
0.00802292834123364,2357.177734375
0.00794718107499648,2365.22314453125
0.00800689758762019,2374.55737304688
0.00800079578766599,2388.6123046875
0.00806311618362088,2401.4755859375
0.00799211102275876,2411.66723632813
0.00834201182442484,2420.63330078125
0.00844992973725311,2430.51708984375
0.00830742192192702,2443.40454101563
0.00838953565107659,2455.85424804688
0.008509840881743,2466.2548828125
0.00853134042699821,2474.25073242188
0.00857223949424224,2483.61303710938
0.0084468456407194,2498.6435546875
0.0086240825112327,2511.6181640625
0.00860481486597564,2522.3779296875
0.00869094219524413,2530.869140625
0.00874214128998574,2541.0537109375
0.00897442441782914,2554.16967773438
0.00915958753466839,2567.73974609375
0.00876099602464819,2575.3466796875
0.00895699758984847,2585.57470703125
0.00897615518624661,2598.11181640625
0.00922659637581091,2613.361328125
0.00917355100682471,2625.31567382813
0.00893714241101407,2634.04858398438
0.00919374178920407,2643.0693359375
0.00913691201276379,2655.44409179688
0.0091721121862065,2669.32446289063
0.00931163594941609,2679.2568359375
0.00932284456212074,2688.65869140625
0.00917932356969686,2698.65966796875
0.00924768301047152,2712.625
0.00947204080148367,2726.150390625
0.00953348717303015,2736.16870117188
0.00948936758504715,2745.8515625
0.00961683326750062,2756.525390625
0.00957904558163136,2771.97924804688
0.00985857514024246,2785.24096679688
0.00980998629529495,2794.37939453125
0.0097435831776238,2805.20288085938
0.00973530859482707,2817.76513671875
0.00999615531327436,2833.11352539063
0.0100042925623711,2844.62890625
0.0101831647043582,2854.15454101563
0.010254792869091,2865.32739257813
0.0101866771728965,2879.09130859375
0.0101481709862128,2892.85522460938
0.0102563344626105,2903.10107421875
0.0102951498774928,2911.59252929688
0.010318323802494,2924.89916992188
0.0103162146842806,2940.10034179688
0.0106169491118635,2951.34790039063
0.0101449213616434,2961.2421875
0.0103594002212049,2972.62719726563
0.0106117222458124,2986.953125
0.010391866453574,3000.06518554688
0.0104649534478085,3009.625
0.0106537518149707,3019.744140625
0.0105981589513249,3031.23461914063
0.010830744940904,3047.49291992188
0.0108626772998832,3059.10571289063
0.0108571675809799,3067.751953125
0.0109632037492702,3079.79638671875
0.0111348454083782,3095.92065429688
0.0112868556243484,3107.77612304688
0.0110619967017556,3116.72583007813
0.0111932467916631,3126.4970703125
0.0114809126898763,3142.39038085938
0.0113938685899484,3156.79248046875
0.0110517385110143,3165.42431640625
0.0114211288746446,3176.4033203125
0.0113739861262729,3188.95751953125
0.0115436687337933,3204.0029296875
0.0113371552288299,3214.76123046875
0.0114824752017739,3223.39599609375
0.0115207476483192,3236.3212890625
0.011674171219056,3252.63452148438
0.0117713989311596,3263.26733398438
0.0116841310955351,3272.83178710938
0.0116256505862111,3282.44140625
0.0118079042294994,3297.97534179688
0.0118069438030943,3311.509765625
0.0116800156320096,3319.7578125
0.0117567515189876,3331.34350585938
0.0118750067485962,3344.27587890625
0.0118934631245793,3358.73828125
0.0121005805340246,3366.30932617188
0.0122103838293697,3376.16967773438
0.0121684061014093,3390.2841796875
0.0122661967907334,3403.21533203125
0.0121698067232501,3412.03442382813
0.0122489327623043,3420.71899414063
0.0120641698231339,3434.21997070313
0.0125316655612551,3447.9619140625
0.0123915369840688,3456.46118164063
0.0123409818115761,3463.05029296875
0.0123067620734219,3475.91040039063
0.0123999370771344,3489.216796875
0.0124498010336538,3498.57275390625
0.0122434630611679,3505.6708984375
0.0124797625176143,3518.677734375
0.0124161697385716,3533.90258789063
0.0124357957247412,3540.69604492188
0.0127964667626657,3550.77587890625
0.0126016821013764,3560.94873046875
0.0124698963190895,3574.77856445313
0.0125186488730833,3584.537109375
0.0125952874441282,3593.01928710938
0.0126801423903089,3605.32666015625
0.0127373914438067,3619.84301757813
0.0127903122120188,3627.96069335938
0.0126369131976389,3636.34375
0.0128938563648262,3650.49609375
0.0126889945022413,3663.80517578125
0.0128568344734958,3671.46337890625
0.0129158570416621,3681.9697265625
0.0129104055304197,3697.53149414063
0.0128961528389482,3711.30834960938
0.013077538824291,3720.82470703125
0.0130269827423035,3730.15087890625
0.0132488366944017,3745.86108398438
0.0131472343127825,3758.20239257813
0.0134875162984827,3810.28100585938
0.0132453833430191,3795.47119140625
0.0132925251818961,3799.16186523438
0.0134408546728082,3808.12231445313
0.0132281684273039,3817.70336914063
0.0134281735881814,3831.65795898438
0.0132891054818174,3842.6591796875
0.0135289310492226,3851.80419921875
0.0135203154059127,3863.67700195313
0.0136240150823141,3877.26904296875
0.0135815535031725,3888.56616210938
0.0134905976665323,3897.787109375
0.0138243294713902,3912.34106445313
0.0135918799060164,3925.1201171875
0.0137809838633984,3933.74584960938
0.0138204313770984,3945.1591796875
0.0141310474646161,3959.2763671875
0.0140778556669829,3970.50439453125
0.0140815054692212,3980.49389648438
0.0140068450491526,3991.92309570313
0.0140034399009892,4006.5185546875
0.0139500480145216,4017.412109375
0.014333143553813,4027.84301757813
0.0141818427437101,4039.80419921875
0.0141792370413896,4054.0556640625
0.0146821294038091,4062.3486328125
0.0141626096592518,4073.28833007813
0.0145507983688731,4088.18920898438
0.0145090925798286,4101.0673828125
0.0144410369102843,4110.951171875
0.0145746207635966,4123.3984375
0.014538740288117,4136.84619140625
0.0146438978845254,4145.88134765625
0.0147409327837522,4156.55712890625
0.0148859344335506,4170.7822265625
0.0149940851770225,4184.2412109375
0.014834829926258,4194.77392578125
0.0151514177559875,4206.91357421875
0.0149280313053168,4221.302734375
0.0150109917740338,4233.0390625
0.015129400708247,4242.17919921875
0.0152025677380152,4255.8603515625
0.0152002821778296,4269.96923828125
0.0154157187353121,4279.45751953125
0.0153784603753593,4290.17626953125
0.015379117030534,4306.13427734375
0.0154027420649072,4317.04833984375
0.0154862373165088,4327.6005859375
0.0156644582602894,4340.62890625
0.0156775040522916,4353.69287109375
0.0158577840920771,4361.4912109375
0.0158411567099392,4374.822265625
0.0160746476467466,4389.85205078125
0.0157953581947368,4402.3564453125
0.0160798863362288,4412.07373046875
0.0163290078489808,4426.5751953125
0.0161419011419639,4438.70458984375
0.0161151328939013,4448.03857421875
0.0162200703925919,4461.62109375
0.0161985444719903,4476.6904296875
0.0164687917276751,4489.31103515625
0.0162232863658573,4498.8173828125
0.0167773032444529,4513.84521484375
0.0168178103194805,4525.8330078125
0.0165684978128411,4535.75390625
0.0170903058460681,4549.46728515625
0.0166084810189204,4563.74951171875
0.0169475933944341,4572.95947265625
0.0169186459970661,4587.10986328125
0.0169336290127831,4601.0009765625
0.0170289858942851,4611.11328125
0.0172783511516172,4622.71142578125
0.0174768447323004,4637.0107421875
0.0172657528310083,4649.81689453125
0.0171550054801628,4661.67724609375
0.0172375384863699,4677.1435546875
0.0174178549059434,4690.2275390625
0.0174168380908668,4700.2041015625
0.0173860917129787,4712.77392578125
0.0176145258592442,4726.95703125
0.0176303146872669,4739.80712890625
0.0179468061105581,4751.58544921875
0.0178192003659206,4766.62890625
0.0180849456228316,4777.9951171875
0.0178816062543774,4789.09521484375
0.017973314243136,4803.69970703125
0.0183584088517819,4814.859375
0.0181176437763497,4824.6396484375
0.0180503848241642,4840.03515625
0.0181956802407512,4855.30419921875
0.0182739640877116,4865.810546875
0.0181683790287934,4878.283203125
0.0185514836630318,4892.658203125
0.0184752607310656,4902.931640625
0.0186555607797345,4915.8212890625
0.0187571367860073,4932.3271484375
0.0185387780220481,4943.54736328125
0.018935101252282,4954.65869140625
0.0188890917343087,4969.609375
0.0187727382581215,4980.5693359375
0.0188065132533666,4989.640625
0.0190560276678298,5006.7080078125
0.0193466803466436,5019.8984375
0.0189895617950242,5029.29541015625
0.0192787174455589,5044.5908203125
0.0195077245734865,5058.220703125
0.0194134518096689,5067.2919921875
0.0193509386008373,5081.33544921875
0.0197859408217482,5094.63916015625
0.0195577194972429,5105.8759765625
0.0197111785382731,5119.5244140625
0.0197078679775586,5134.783203125
0.0197307563212235,5145.607421875
0.0199927781068254,5158.5927734375
0.019923631043639,5171.69970703125
0.0199906717170961,5182.59619140625
0.0199565874936525,5197.06640625
0.0203609088202938,5213.19677734375
0.020429342839634,5222.93017578125
0.0201542079594219,5234.88134765625
0.0200892809516517,5250.11572265625
0.0203192576009315,5260.5712890625
0.0203068702830933,5273.32421875
0.0204659372684546,5289.6904296875
0.0205003998416942,5300.55517578125
0.0206813801924,5311.81005859375
0.0207073862839025,5327.23583984375
0.0209355839615455,5338.6845703125
0.0208501714951126,5352.14697265625
0.0210163052543066,5370.21435546875
0.0212327413464664,5379.875
0.0210479247471085,5391.63916015625
0.0212395443668356,5407.62158203125
0.0211740389204351,5417.8935546875
0.0210337620956125,5430.4267578125
0.0214101091842167,5447.5869140625
0.0214073497772915,5458.61572265625
0.021438787371153,5472.19189453125
0.0216877670027316,5487.2421875
0.0218681725527858,5495.8095703125
0.0218180484807817,5510.486328125
0.021780118913739,5524.4365234375
0.021869705960853,5535.41650390625
0.021921483494225,5550.22412109375
0.0218800269067287,5565.890625
0.0220889014599379,5575.17529296875
0.0218742297874996,5589.35791015625
0.0221460686589126,5605.43896484375
0.0221344489546027,5615.6884765625
0.0223214210564038,5630.79296875
0.0223621573240962,5643.85205078125
0.0222065227717394,5655.2744140625
0.0225140393013135,5671.00341796875
0.0226549636863638,5683.14404296875
0.0227664568228647,5693.904296875
0.0228299340960803,5710.87939453125
0.0228668413910782,5722.22314453125
0.0230307541642105,5735.912109375
0.0233419741562102,5750.8115234375
0.023030188458506,5761.1201171875
0.0231875055760611,5773.408203125
0.0233214959735051,5790.69384765625
0.0232256952585885,5801.3447265625
0.0233206046686973,5815.076171875
0.0232553866226226,5832.14404296875
0.0235760962823406,5841.6884765625
0.0235418356169248,5857.4228515625
0.0237165440921672,5872.25732421875
0.0239305409195367,5884.12890625
0.0240444715018384,5899.568359375
0.0240770823438652,5913.1005859375
0.0242899677687092,5923.22802734375
0.0243439881160157,5939.587890625
0.0243406248046085,5950.748046875
0.0244871062022867,5964.5400390625
0.0242840687860735,5982.29150390625
0.0245154096774058,5992.802734375
0.0245180544879986,6007.494140625
0.0247498701355653,6021.3916015625
0.0248968717642128,6033.17431640625
0.0250839239015477,6050.4404296875
0.0250520115514519,6063.48291015625
0.0249298536800779,6075.04931640625
0.0250867287832079,6094.0361328125
0.025297405954916,6104.37109375
0.0254208061960526,6118.1064453125
0.0254298338404624,6133.224609375
0.0256344483204884,6145.9033203125
0.0258964810200268,6160.0966796875
0.0256222374446224,6174.916015625
0.0257384672295302,6186.685546875
0.0260493961832253,6204.19580078125
0.026055673515657,6218.94873046875
0.0259572425420629,6231.5517578125
0.0262486792053096,6247.94189453125
0.0262926205323311,6257.7607421875
0.0262838839262258,6273.623046875
0.0267368286586134,6288.47900390625
0.0263659967458807,6300.6982421875
0.0266735005425289,6317.17236328125
0.0266510214714799,6330.05078125
0.0267950272245798,6342.466796875
0.0268652365775779,6357.853515625
0.026911033273791,6370.6748046875
0.0270484961220063,6385.99853515625
0.0271319404419046,6401.62451171875
0.0269184711214621,6412.78125
0.0274055910267634,6432.10791015625
0.0275930506177247,6443.587890625
0.0275033507932676,6457.15673828125
0.0277170129265869,6473.404296875
0.0276198024948826,6484.15771484375
0.027767155188485,6500.87744140625
0.0278053030342562,6513.87451171875
0.0282861274172319,6525.22216796875
0.02816951382556,6543.203125
0.0281893589999527,6555.484375
0.0283834397123428,6570.68408203125
0.028169739380246,6587.828125
0.0284369452856481,6599.404296875
0.0285737642116146,6617.19921875
0.0287779548671097,6630.74072265625
0.0289016770693706,6646.376953125
0.0288425417238614,6663.220703125
0.0292224121949403,6673.23828125
0.0291222713713069,6690.7431640625
0.0292347831418738,6703.06005859375
0.029494083719328,6718.599609375
0.0293172633973882,6734.6044921875
0.0295207373710582,6746.93115234375
0.029532311600633,6763.89404296875
0.0298054146696813,6776.26708984375
0.0298900249617873,6791.44970703125
0.0301655582006788,6808.26416015625
0.0300914889521664,6820.6435546875
0.0301354011753574,6837.6748046875
0.0303862580040004,6850.71337890625
0.0303952911053784,6864.84521484375
0.0305302673950791,6881.1865234375
0.0304757777485065,6893.642578125
0.0306632064166479,6911.203125
0.0308005037368275,6924.201171875
0.0308805938402656,6937.1396484375
0.0312174925056752,6956.02001953125
0.0309589231619611,6967.07421875
0.0312748961732723,6985.58154296875
0.0313160708174109,6998.24560546875
0.0313481541525107,7011.849609375
0.0316630212182645,7027.7529296875
0.03153290526825,7040.98046875
0.0316345831379294,7059.08203125
0.031860254239291,7071.47021484375
0.0319024838972837,7086.533203125
0.0320944345730823,7102.2060546875
0.0320124709105585,7114.9814453125
0.0322526611853391,7134.45556640625
0.0325787405017763,7146.90185546875
0.0323380409099627,7163.9912109375
0.0325170876749326,7175.650390625
0.0326732115354389,7189.88525390625
0.0326890731230378,7208.2373046875
0.0329002141370438,7221.22265625
0.0329392969433684,7238.3349609375
0.0330989787471481,7250.22216796875
0.0332893614540808,7265.67578125
0.0331693154294044,7284.55078125
0.0335140430252068,7297.15966796875
0.0337235687766224,7317.36474609375
0.0338669415214099,7329.22119140625
0.0338897734764032,7345.08349609375
0.0336698431055993,7360.24853515625
0.0340519145538565,7373.69873046875
0.033835520298453,7392.474609375
0.0343282263202127,7402.97021484375
0.0341610320901964,7421.69873046875
0.0345676198776346,7434.17822265625
0.0348240646417253,7452.4638671875
0.0347662353306077,7469.0107421875
0.0348840912920423,7480.994140625
0.0349203655787278,7498.54736328125
0.0352044298779219,7511.142578125
0.0352206006937195,7531.83935546875
0.0355289339495357,7544.14501953125
0.0353866853401996,7559.29296875
0.035632991057355,7574.93798828125
0.0357368953700643,7588.82666015625
0.0357734570570756,7609.09765625
0.0359923433279619,7619.87109375
0.0359122277586721,7641.14892578125
0.0361736892955378,7651.2001953125
0.0363165127055254,7669.10205078125
0.0361913043889217,7686.5810546875
0.0364492625521962,7701.7509765625
0.0365224623237737,7719.14794921875
0.0369542249245569,7730.2294921875
0.0368201872333884,7751.85107421875
0.0368898290616926,7765.7099609375
0.0369524786947295,7782.224609375
0.0371469468518626,7795.7783203125
0.0373143120668828,7810.21728515625
0.0374820156139322,7827.583984375
0.0375866475224029,7841.99462890625
0.0375959862140007,7862.119140625
0.0378737386199646,7875.06982421875
0.0381639438273851,7893.38720703125
0.0380754463549238,7908.18603515625
0.0381786012439989,7925.80078125
0.0384191262128297,7941.9267578125
0.0384562699764501,7957.95263671875
0.0386302817787509,7975.05908203125
0.0386242063541431,7986.61181640625
0.0385839739465155,8008.71630859375
0.0390461427741684,8022.033203125
0.039036098314682,8040.53955078125
0.0390960449294653,8051.42724609375
0.039512862713309,8071.14013671875
0.0398196280002594,8087.39892578125
0.0395860952266958,8103.41162109375
0.0399335149268154,8122.3095703125
0.0399796663259622,8136.04052734375
0.040065984649118,8155.28076171875
0.0402716395910829,8167.7724609375
0.0402735277020838,8188.3583984375
0.0405084065278061,8201.1904296875
0.040609829738969,8220.48046875
0.0406661529268604,8233.54296875
0.0410580250900239,8251.2822265625
0.0413196903537028,8269.3447265625
0.0414166315749753,8285.8486328125
0.0412827903346624,8302.4853515625
0.0414392852690071,8317.3193359375
0.0417023584304843,8336.5166015625
0.0416494585806504,8349.1259765625
0.0419316493207589,8370.212890625
0.0420330470660701,8382.3603515625
0.0422012381022796,8402.763671875
0.0420416508859489,8416.373046875
0.0424574900534935,8436.2431640625
0.0428114872192964,8448.9169921875
0.042762574594235,8466.77734375
0.0429659485234879,8481.9453125
0.0430524014518596,8500.505859375
0.0432198648923077,8518.2919921875
0.0434166322520468,8532.6474609375
0.0433708337368444,8550.666015625
0.0436200061812997,8565.5830078125
0.0439524883404374,8586.013671875
0.0440243275079411,8598.8564453125
0.0441863739979453,8619.6953125
0.0444360957772005,8632.3818359375
0.0445955301984213,8652.7275390625
0.0446866833954118,8666.0654296875
0.0446778940386139,8687.4697265625
0.0448908576800022,8701.0224609375
0.0451149462605827,8720.2548828125
0.045156881242292,8736.69921875
0.0454969740530942,8755.6875
0.0456323105026968,8772.20703125
0.0458930880995467,8789.12890625
0.0458900067314971,8807.6728515625
0.0461366398667451,8823.7255859375
0.046253451728262,8843.1953125
0.0464006661786698,8856.427734375
0.0464827753603458,8874.736328125
0.0467671125079505,8890.10546875
0.0468695834570099,8911.7861328125
0.0469671540486161,8927.3037109375
0.0472282954433467,8947.19921875
0.0474052903882693,8961.5419921875
0.0473885484097991,8983.298828125
0.0476781278848648,8996.3017578125
0.0479268164781388,9016.2822265625
0.0479265690955799,9027.62890625
0.0480914713989478,9050.0400390625
0.0483035291836131,9063.2626953125
0.0484215815959033,9084.9013671875
0.048835550842341,9097.4423828125
0.0486429235024843,9119.9970703125
0.0488859623146709,9133.71875
0.0489307531097438,9156.9501953125
0.0493888837809209,9169.2666015625
0.0493849292979576,9188.5107421875
0.0497184264531825,9204.0693359375
0.0498520166729577,9223.8505859375
0.0499206071253866,9238.2158203125
0.0500062051287387,9257.1904296875
0.0503749288327526,9273.765625
0.0506228789163288,9295.4306640625
0.0507021868543234,9309.7783203125
0.0508191587869078,9330.208984375
0.0509942874487024,9344.7099609375
0.0514284838573076,9367.193359375
0.0514701641805004,9381.81640625
0.051563391025411,9402.3310546875
0.0519424538651947,9414.833984375
0.0518431843374856,9435.908203125
0.0522054288012441,9450.7900390625
0.0523999406141229,9470.751953125
0.0525479154021014,9486.5595703125
0.0528390337422024,9506.2021484375
0.0530792385688983,9521.369140625
0.0531147452420555,9543.7548828125
0.0533748316229321,9557.2265625
0.0535176986886654,9577.376953125
0.0538254716957454,9592.37109375
0.0538446838618256,9613.431640625
0.0540858673048206,9627.6064453125
0.0543338392162696,9647.2900390625
0.0543604328413494,9660.1142578125
0.0547300624020863,9685.6318359375
0.0549056967429351,9699.509765625
0.055126627557911,9720.76953125
0.0553619756828994,9734.2802734375
0.0555193437321577,9756.7685546875
0.055918084399309,9770.375
0.0558723368158098,9792.47265625
0.0563249923288822,9805.8408203125
0.0562892346351873,9828.5849609375
0.056317472626688,9843.3017578125
0.0568791438126937,9863.1142578125
0.0569474832445849,9877.9306640625
0.057265624491265,9900.9912109375
0.0572854551137425,9917.455078125
0.0579658044443931,9938.7568359375
0.057855108025251,9952.796875
0.0580245723540429,9973.4990234375
0.0582912289246451,9990.33984375
0.058602039644029,10010.8115234375
0.058717247156892,10028.7216796875
0.0591294447076507,10046.1689453125
0.0592908363614697,10065.73828125
0.0595554956817068,10082.982421875
0.0597286853007972,10104.33203125
0.0598368424107321,10117.3046875
0.0602618092671037,10138.4873046875
0.0604619635851122,10155.8828125
0.0604454726271797,10177.44921875
0.060881779063493,10191.0673828125
0.0610479546594433,10213.7216796875
0.061209146224428,10228.279296875
0.0614953387412243,10248.69921875
0.0616187753621489,10264.0361328125
0.0620428691036068,10282.53515625
0.0620146965957247,10300.8515625
0.06242348899832,10320.919921875
0.0626291439402848,10338.0517578125
0.0627867557341233,10354.8466796875
0.0631423608865589,10375.1025390625
0.0633605304756202,10390.892578125
0.0634372481727041,10411.6552734375
0.0637831253698096,10425.51171875
0.0642246377537958,10447.7626953125
0.0644714600639418,10463.18359375
0.064429703343194,10483.7177734375
0.0649929352221079,10499.1591796875
0.0650680449325591,10521.705078125
0.0654286122880876,10539.63671875
0.0656016636639833,10558.087890625
0.0658946664771065,10573.9404296875
0.0662115708109923,10592.3271484375
0.0665577172185294,10611.4130859375
0.0665225597913377,10626.927734375
0.0667170534143224,10648.376953125
0.0669862129143439,10664.119140625
0.0676025520078838,10687.7080078125
0.0676053605275229,10702.1376953125
0.0677910647937097,10725.2880859375
0.0681490491842851,10741.27734375
0.0680494558764622,10760.166015625
0.0685580234858207,10777.8310546875
0.0691913373884745,10794.6376953125
0.0693346519256011,10814.3154296875
0.0697622162988409,10831.76953125
0.0698664734954946,10853.6806640625
0.0701410826877691,10868.123046875
0.0705284619471058,10891.240234375
0.070984402555041,10907.4384765625
0.0709461310179904,10928.2802734375
0.0713579647708684,10944.828125
0.0712581895641051,10962.0537109375
0.0719111048965715,10982.68359375
0.0720872922101989,10999.7685546875
0.072288210503757,11019.77734375
0.0726988582755439,11035.361328125
0.0730829269741662,11058.9736328125
0.0732758271624334,11074.2509765625
0.0734355271561071,11093.69921875
0.0739686729502864,11112.91796875
0.0742464690119959,11130.54296875
0.0748100064811297,11151.3525390625
0.0746882797102444,11165.1494140625
0.0753363783587702,11189.39453125
0.0753823478589766,11204.541015625
0.0758689784561284,11226.94921875
0.0761540213716216,11242.818359375
0.0761568517191336,11263.3603515625
0.0766903467592783,11281.5712890625
0.077141412475612,11298.1806640625
0.0773744031903334,11319.576171875
0.0778118701418862,11335.1943359375
0.0782264905865304,11356.330078125
0.0786435848567635,11370.1630859375
0.0789392870501615,11392.12109375
0.0789799014455639,11410.0341796875
0.0792585124145262,11425.3740234375
0.0796969252405688,11448.0234375
0.0800218622316606,11462.2275390625
0.0803428119979799,11483.8818359375
0.080844052718021,11499.1572265625
0.0814764498500153,11517.701171875
0.0813784790807404,11536.02734375
0.0816213359939866,11553.3671875
0.0823128211777657,11573.890625
0.0825197566882707,11587.970703125
0.0825789684313349,11609.8125
0.0831711586215533,11626.580078125
0.0835477549117059,11644.7109375
0.0840476859593764,11665.470703125
0.084251252701506,11678.95703125
0.0844414244056679,11703.37890625
0.0850023643579334,11715.9404296875
0.0855591933941469,11737.201171875
0.0856161786941811,11753.6650390625
0.0860195214045234,11772.0869140625
0.086617270426359,11792.2958984375
0.0868369970703498,11805.8125
0.0872331802383997,11830.89453125
0.0876712656463496,11845.1826171875
0.0882093809195794,11863.1982421875
0.0884436158230528,11883.4267578125
0.0888010254129767,11898.1640625
0.0891664458322339,11920.2939453125
0.0897408244782127,11931.4638671875
0.0900361628737301,11954.197265625
0.0906371569726616,11972.384765625
0.0911233146325685,11989.0908203125
0.0912351242732257,12010.16015625
0.091942485596519,12022.2998046875
0.0923310362850316,12043.720703125
0.0927926739677787,12059.6533203125
0.0928490117075853,12017.23046875
0.094210212409962,12199.9921875
0.0962626436376013,12314.4072265625
0.0979471078608185,12375.1005859375
0.0994323272607289,12429.01171875
0.101305420685094,12481.3798828125
0.103049089375418,12530.7255859375
0.104588820249774,12578.498046875
0.106386047264095,12626.380859375
0.107608801044989,12673.0595703125
0.109410124423448,12720.658203125
0.110879067506175,12761.3720703125
0.11250635725446,12807.654296875
0.114348556962796,12853.744140625
0.115962437121198,12897.0146484375
0.117604882689193,12941.1552734375
0.11934970098082,12985.2890625
0.121071570902131,13026.7265625
0.122999088489451,13067.9013671875
0.124910497106612,13109.0595703125
0.12665381655097,13150.77734375
0.128379222587682,13189.9794921875
0.130515356431715,13231.4013671875
0.132376269903034,13267.5478515625
0.134499699925072,13305.4404296875
0.136726215714589,13345.1337890625
0.138724150019698,13382.984375
0.141125361551531,13418.0986328125
0.14316888700705,13455.2783203125
0.145599900861271,13492.9013671875
0.147941609611735,13526.6640625
0.150302032125182,13558.96875
0.152819484355859,13592.42578125
0.155335466843098,13626.166015625
0.157394621055573,13658.7412109375
0.160033974680118,13687.4267578125
0.162843527505174,13720.0263671875
0.165564168128185,13751.0263671875
0.168439582921565,13780.8212890625
0.171375722857192,13810.27734375
0.174155196873471,13841.423828125
0.177395937498659,13865.4150390625
0.180694783921354,13889.8291015625
0.183759926585481,13917.916015625
0.187327503226697,13942.34765625
0.190649981959723,13967.5234375
0.194198422832415,13994.373046875
0.197662811842747,14015.7802734375
0.201299189939164,14037.6826171875
0.205008051125333,14061.5703125
0.208724130061455,14081.2255859375
0.212571816518903,14102.5048828125
0.216778862522915,14122.361328125
0.22076690220274,14139.9716796875
0.224982868530788,14157.7958984375
0.228929347940721,14175.294921875
0.233478494919837,14193.9140625
0.237687316257507,14211.482421875
0.242098743910901,14228.830078125
0.246411596890539,14241.572265625
0.251338962698355,14259.4521484375
0.256189377978444,14274.517578125
0.260858825640753,14287.3115234375
0.265745678916574,14301.7236328125
0.27069472707808,14313.6591796875
0.275485421298072,14324.5009765625
0.280105537967756,14337.005859375
0.285422895103693,14351.6767578125
0.290743773803115,14360.2314453125
0.295916455797851,14373.2001953125
0.301369000226259,14385.2802734375
0.306430069031194,14393.6376953125
0.311959040118381,14403.0986328125
0.317313766572624,14413.9052734375
0.322997686453164,14423.28125
0.328564987285063,14431.7109375
0.334371317876503,14440.63671875
0.340033206157386,14446.8994140625
0.345779088092968,14456.701171875
0.351589842466637,14462.2978515625
0.357268290827051,14471.79296875
0.363291619578376,14479.0888671875
0.369398680049926,14485.298828125
0.374906434444711,14491.048828125
0.381002406356856,14500.392578125
0.387239357223734,14505.431640625
0.393180700484663,14508.0546875
0.399200449464843,14517.611328125
0.405400525778532,14521.96875
0.411302346037701,14526.3017578125
0.417515286244452,14534.94921875
0.423830992076546,14539.919921875
0.430215732194483,14545.9501953125
0.43638568604365,14551.947265625
0.442800723249093,14556.7373046875
0.449027342256159,14558.7705078125
0.455395813332871,14564.951171875
0.461718736914918,14567.8623046875
0.468166021164507,14572.7490234375
0.474550295621157,14578.9697265625
0.480809452710673,14582.00390625
0.487173208966851,14586.923828125
0.493679195642471,14592.2998046875
0.500420574098825,14595.9306640625
0.506824988406152,14600.8740234375
0.51321106730029,14607.693359375
0.519791850820184,14608.4052734375
0.526456627994776,14612.4892578125
0.532976817339659,14616.9287109375
0.539736647624522,14619.982421875
0.546352181117982,14624.4375
0.552708050236106,14628.3662109375
0.559070205781609,14631.7294921875
0.565707741770893,14632.1494140625
0.572309189010412,14639.9775390625
0.579011160880327,14642.947265625
0.585493340622634,14645.9892578125
0.592337746638805,14651.326171875
0.598710146732628,14652.0908203125
0.605365028604865,14653.1435546875
0.611986848525703,14658.005859375
0.618367223069072,14660.3076171875
0.625146960373968,14663.107421875
0.631628092378378,14667.1484375
0.638254859950393,14669.6328125
0.644987390842289,14673.48046875
0.651659211143851,14677.6884765625
0.658220436889678,14677.810546875
0.664671300910413,14683.79296875
0.671315123327076,14686.6796875
0.67796086659655,14684.419921875
0.68474852014333,14687.517578125
0.691249966621399,14692.8125
0.69756933953613,14692.7861328125
0.704296806361526,14697.6943359375
0.711079104803503,14702.3740234375
0.717797665856779,14703.1953125
0.72415656177327,14703.83203125
0.730595784261823,14710.619140625
0.737532740458846,14711.4755859375
0.744284654501826,14712.861328125
0.75056153582409,14716.0576171875
0.757173751480877,14715.9541015625
0.763986143283546,14718.423828125
0.770463666412979,14722.6806640625
0.776934321038425,14726.4462890625
0.784133211709559,14729.099609375
0.790538906585425,14731.880859375
0.797050481196493,14733.83984375
0.803832313977182,14736.0302734375
0.810701982118189,14738.853515625
0.817440217360854,14737.9150390625
0.823859649244696,14741.6240234375
0.830753182526678,14743.140625
0.837185070849955,14743.1103515625
0.843994203023612,14746.3173828125
0.850690412335098,14750.4912109375
0.857393722981215,14749.6455078125
0.864004658069462,14754.0556640625
0.870755524374545,14757.064453125
0.877409416716546,14754.5107421875
0.884114822838455,14757.50390625
0.891080300789326,14761.4716796875
0.897725229151547,14760.0771484375
0.904053798876703,14764.0068359375
0.910657923668623,14768.1259765625
0.917851866688579,14768.0224609375
0.924374558962882,14769.2080078125
0.931133632548153,14774.6748046875
0.937755219638348,14772.9326171875
0.944633386097848,14777.26953125
0.951302063185722,14777.3671875
0.958002172410488,14778.3251953125
0.964671664405614,14778.509765625
0.971321540419012,14781.82421875
0.977741670794785,14781.8544921875
0.984631711617112,14785.8779296875
0.991284265182912,14789.0771484375
0.998250092379749,14786.9375
1.00485165603459,14793.9072265625
1.01152423303574,14795.974609375
1.01842347066849,14793.8388671875
1.02518883068115,14798.9755859375
1.03183824103326,14802.06640625
1.03876169305295,14798.07421875
1.04542938061059,14799.7841796875
1.05213059578091,14803.541015625
1.05898280162364,14802.5615234375
1.06584851164371,14807.03515625
1.07280083466321,14809.40234375
1.07951473910362,14809.4638671875
1.08639604877681,14812.552734375
1.09317456372082,14814.55078125
1.10012816730887,14813.603515625
1.10710598528385,14814.7041015625
1.11408322118223,14815.796875
1.12078175880015,14814.25
1.12758483737707,14817.513671875
1.13437499385327,14820.1220703125
1.14123208913952,14820.443359375
1.1479277163744,14824.8505859375
1.15487421862781,14825.205078125
1.16190232802182,14823.0654296875
1.16882170550525,14827.3330078125
1.17566122207791,14829.236328125
1.18262169416994,14827.1689453125
1.18944467976689,14830.837890625
1.19649909902364,14830.83203125
1.20328459888697,14829.3759765625
1.20988162234426,14832.76171875
1.21679808944464,14836.755859375
1.22389197349548,14834.7451171875
1.23082438949496,14839.7705078125
1.23781501315534,14842.1484375
1.24478666111827,14837.8388671875
1.25178776215762,14840.8740234375
1.25869642943144,14844.787109375
1.2656602775678,14842.2978515625
1.27229129429907,14845.857421875
1.27956992946565,14846.8994140625
1.2863235315308,14845.7861328125
1.29335129167885,14850.634765625
1.30056124180555,14849.6904296875
1.30750017706305,14849.7138671875
1.31448009051383,14856.03515625
1.32152531296015,14853.427734375
1.32828310597688,14851.2861328125
1.3355475384742,14854.552734375
1.34245562367141,14855.4501953125
1.34916289243847,14853.62890625
1.35599519126117,14857.9580078125
1.36308907531202,14858.8955078125
1.37019075918943,14857.9931640625
1.37711130082607,14863.69921875
1.38382217846811,14862.0322265625
1.3910629786551,14861.76171875
1.39826431404799,14865.0693359375
1.40487565658987,14866.650390625
1.41206302214414,14862.291015625
1.41906412318349,14864.8642578125
1.42597651574761,14867.6591796875
1.43307424150407,14868.2861328125
1.43972830846906,14870.6279296875
1.44659995567054,14871.0703125
1.45392247941345,14870.173828125
1.46093487273902,14873.6484375
1.46764109376818,14873.1171875
1.47483963519335,14873.236328125
1.48167391307652,14875.5146484375
1.48880400229245,14876.23828125
1.49601418524981,14872.6396484375
1.50311819743365,14878.4033203125
1.50996074080467,14878.2744140625
1.51680153794587,14877.98046875
1.52391917072237,14883.2236328125
1.53105240315199,14882.5205078125
1.53819448314607,14879.8447265625
1.5452962834388,14886.1083984375
1.55239459127188,14885.3427734375
1.55953934881836,14882.8701171875
1.56666780821979,14886.6005859375
1.57346983905882,14884.80859375
1.58045266289264,14883.6318359375
1.58769218251109,14887.76953125
1.59487605560571,14889.1875
1.60151172894984,14889.9638671875
1.60900701303035,14894.1533203125
1.61649251822382,14892.75
1.62330328021199,14890.9404296875
1.63066620007157,14894.4853515625
1.63769430946559,14890.4619140625
1.64479506202042,14892.2724609375
1.65183132048696,14895.384765625
1.65863265283406,14894.060546875
1.66555400937796,14892.373046875
1.67286186479032,14898.05078125
1.68003316503018,14897.2822265625
1.6870218096301,14896.9169921875
1.69407005887479,14901.91796875
1.7013349570334,14898.2138671875
1.70840451028198,14897.638671875
1.71543285250664,14900.9111328125
1.72260846011341,14901.125
1.73009641002864,14899.849609375
1.73695373814553,14903.765625
1.74403400160372,14903.6015625
1.75139843486249,14901.244140625
1.75829720683396,14905.328125
1.76555279176682,14905.1142578125
1.77275983151048,14906.8828125
1.77984358742833,14907.6474609375
1.78716937080026,14906.20703125
1.7944909632206,14904.806640625
1.80124002508819,14909.1240234375
1.80867756716907,14909.1494140625
1.81589613202959,14909.623046875
1.82297977153212,14914.1181640625
1.8301559612155,14910.041015625
1.83741422370076,14912.142578125
1.84477574657649,14914.4462890625
1.85162096749991,14910.193359375
1.85900670476258,14912.009765625
1.8663015216589,14916.1025390625
1.87347002793103,14913.828125
1.88063480891287,14911.060546875
1.88760051969439,14915.9892578125
1.89485179726034,14914.0751953125
1.90194544848055,14914.978515625
1.90928939264268,14918.708984375
1.91667873878032,14918.890625
1.92362372763455,14916.0732421875
1.93087465595454,14917.6875
1.93796469829977,14918.091796875
1.94523623213172,14918.5654296875
1.95239682216197,14919.8583984375
1.95963284932077,14918.494140625
1.96675164625049,14919.779296875
1.97394075803459,14922.3134765625
1.98118295520544,14920.57421875
1.98849337175488,14923.3583984375
1.99575163424015,14926.4775390625
2.00287671759725,14923.001953125
2.01051868498325,14922.98828125
2.01780628412962,14926.505859375
2.02495465055108,14923.8046875
2.03201244585216,14924.4072265625
2.03950121067464,14927.8935546875
2.04670196399093,14924.671875
2.05394974909723,14923.3408203125
2.06121196970344,14929.9091796875
2.06860923208296,14927.4345703125
2.075778786093,14927.982421875
2.08325940184295,14931.5166015625
2.09042755886912,14928.4541015625
2.09799176082015,14926.8994140625
2.10506329312921,14929.09375
2.11240281350911,14928.6943359375
2.11974675767124,14929.26171875
2.12706974707544,14931.0849609375
2.13424651883543,14930.7197265625
2.14165076613426,14930.421875
2.14884709566832,14934.974609375
2.15625413693488,14930.8017578125
2.16372380964458,14935.4794921875
2.17070803046227,14933.171875
2.17791111208498,14931.38671875
2.18531372956932,14932.2998046875
2.19255406409502,14934.2548828125
2.19996017403901,14934.5517578125
2.2070484701544,14935.509765625
2.2147917188704,14937.875
2.22186092287302,14934.373046875
2.22945748828351,14936.818359375
2.23677419126034,14939.55859375
2.2439684253186,14935.5576171875
2.25115474313498,14937.2421875
2.25830147974193,14936.7529296875
2.26586894132197,14935.6943359375
2.2732459474355,14935.2255859375
2.2804553154856,14939.8994140625
2.28787329979241,14939.46484375
2.29517160914838,14939.955078125
2.30226339772344,14940.12890625
2.31001083739102,14941.306640625
2.31734337285161,14940.8935546875
2.3246887139976,14942.1328125
2.33188015408814,14942.025390625
2.33943690545857,14943.693359375
2.34694429673254,14942.8857421875
2.35401350073516,14939.80859375
2.36158398911357,14942.4287109375
2.36887554638088,14942.55859375
2.37620202824473,14940.9892578125
2.3837701883167,14944.7255859375
2.39116209559143,14945.2109375
2.3987025488168,14941.423828125
2.40568933077157,14942.92578125
2.41320417262614,14945.740234375
2.42058956064284,14942.0791015625
2.42799869738519,14943.685546875
2.43525602854788,14944.8828125
2.44253780692816,14944.619140625
2.4499031715095,14944.1201171875
2.45732138864696,14946.8974609375
2.46459315530956,14946.177734375
2.47209169901907,14948.1337890625
2.47972668148577,14948.3427734375
2.48699076473713,14945.4443359375
2.49425880610943,14945.7451171875
2.50168098136783,14945.66796875
2.50890594907105,14946.8642578125
2.51653115265071,14948.6484375
2.52389465458691,14949.2294921875
2.53094779327512,14947.2177734375
2.53830105066299,14950.4853515625
2.54635885357857,14951.6455078125
2.55362712778151,14948.529296875
2.561095636338,14951.2001953125
2.56828684359789,14950.82421875
2.57594557479024,14948.1708984375
2.58331140503287,14948.84765625
2.59037828072906,14950.2822265625
2.59812292642891,14950.4677734375
2.60552717372775,14952.048828125
2.61311256326735,14952.9443359375
2.62077501975,14952.2529296875
2.62803747318685,14953.49609375
2.63532134704292,14952.3310546875
2.64295563101768,14952.560546875
2.65052821487188,14951.9033203125
2.65773897990584,14950.3046875
2.66522774472833,14949.841796875
2.6728215161711,14952.2412109375
2.680370118469,14952.8681640625
2.68791639246047,14953.3525390625
2.69518163986504,14955.17578125
2.70277424715459,14953.6181640625
2.71026976406574,14954.322265625
2.71756341680884,14955.7138671875
2.72497837431729,14955.29296875
2.73252045735717,14954.42578125
2.73987953551114,14954.599609375
2.7474076487124,14954.2958984375
2.7548132929951,14954.091796875
2.76214396581054,14957.158203125
2.76962690986693,14956.3515625
2.77716643176973,14956.166015625
2.78464006260037,14957.181640625
2.79227341525257,14958.3974609375
2.79970094561577,14954.0234375
2.80707306228578,14955.9658203125
2.81446170993149,14956.955078125
2.82233604229987,14956.783203125
2.8298064135015,14956.986328125
2.83732824027538,14958.2001953125
2.84498929977417,14958.09765625
2.85268994048238,14959.072265625
2.86004762165248,14958.3642578125
2.86785000935197,14959.01171875
2.87538347765803,14960.5029296875
2.88299634121358,14958.685546875
2.89044948294759,14957.0078125
2.89789354428649,14958.474609375
2.90558929555118,14957.8369140625
2.91298376396298,14959.271484375
2.92051187716424,14961.2841796875
2.92807794176042,14960.50390625
2.93588009662926,14957.8984375
2.94317421503365,14960.2802734375
2.95075797475874,14959.673828125
2.9584732837975,14959.455078125
2.96600977890193,14961.5283203125
2.97322939150035,14958.0625
2.981016645208,14958.17578125
2.98842554911971,14957.685546875
2.99578974954784,14959.4892578125
3.00371297635138,14959.962890625
3.01114935427904,14960.5791015625
3.01867816597223,14960.3828125
3.02628055214882,14961.8759765625
3.03361169062555,14961.8291015625
3.04147065617144,14959.361328125
3.04917828179896,14960.4072265625
3.05651058442891,14959.087890625
3.06399702094495,14958.275390625
3.07184178382158,14959.26171875
3.07919969782233,14960.9775390625
3.08680348098278,14961.8564453125
3.09459771960974,14964.037109375
3.10192094184458,14963.1357421875
3.10974987223744,14961.15234375
3.11760418117046,14962.1005859375
3.12516232952476,14961.998046875
3.13249370083213,14960.2861328125
3.14032612368464,14962.5439453125
3.14806960523129,14962.1650390625
3.15525662153959,14961.3623046875
3.16298357211053,14961.3798828125
3.17054614424706,14962.5927734375
3.17806052044034,14962.1005859375
3.18604614585638,14964.7626953125
3.19315725937486,14962.8037109375
3.20126488804817,14962.0478515625
3.20887449197471,14964.2578125
3.21672414429486,14963.263671875
3.22405179031193,14962.1826171875
3.23147303424776,14963.08984375
3.23933106847107,14964.142578125
3.24679375626147,14961.685546875
3.25447088107467,14963.04296875
3.26213263906538,14963.0673828125
3.26983467675745,14961.6533203125
3.27733717858791,14965.876953125
3.28523153439164,14963.44921875
3.2927265856415,14961.947265625
3.30033502541482,14962.2529296875
3.3079816494137,14965.1025390625
3.31571022979915,14960.8798828125
3.32332355901599,14962.298828125
3.33104934543371,14963.578125
3.33867338486016,14964.39453125
3.34627577103674,14961.537109375
3.35399596951902,14962.9072265625
3.36194410920143,14964.28125
3.3695949241519,14965.392578125
3.37672093883157,14961.8408203125
3.38462041690946,14961.5234375
3.39233176782727,14963.5341796875
3.3999050501734,14963.6806640625
3.40800941921771,14964.1591796875
3.41562507674098,14967.18359375
3.42364585958421,14966.2490234375
3.43083101324737,14962.931640625
3.43849812634289,14964.1298828125
3.44669236801565,14966.025390625
3.45427123829722,14962.212890625
3.46196978352964,14965.6494140625
3.46954958513379,14964.41015625
3.47718596458435,14962.560546875
3.48486425355077,14963.5966796875
3.49271018058062,14963.720703125
3.50027065724134,14961.70703125
3.50798084400594,14964.2197265625
3.51557601243258,14966.6376953125
3.5235492978245,14962.447265625
3.5310557577759,14963.765625
3.53881460614502,14962.3154296875
3.54583095759153,14961.58984375
3.55392671190202,14963.08984375
3.56153049506247,14961.7021484375
3.56922065839171,14961.9736328125
3.57732223346829,14963.8134765625
3.58468084596097,14964.8203125
3.59265180304646,14963.0322265625
3.60060879029334,14966.3408203125
3.6082305014133498,14964.04296875
3.61582194454968,14962.3076171875
3.62360896542668,14962.296875
3.6313992459327,14963.046875
3.63904610276222,14963.013671875
3.6466340534389,14964.8232421875
3.6543111782521,14962.1826171875
3.66211659274995,14961.708984375
3.67004307918251,14964.8408203125
3.67757072672248,14963.708984375
3.68586531840265,14963.2001953125
3.6934984382242,14964.1904296875
3.70126916095614,14964.1455078125
3.70906107127666,14961.275390625
3.71670350432396,14961.7041015625
3.72462230734527,14962.07421875
3.73230804689229,14962.3134765625
3.74014861881733,14965.0205078125
3.7481130566448,14961.69140625
3.75583837740123,14961.8505859375
3.76363750547171,14963.623046875
3.77139146439731,14962.5849609375
3.77914239652455,14961.142578125
3.78721044398844,14963.646484375
3.7945113144815,14960.5693359375
3.8021276704967,14959.9296875
3.81015683524311,14963.8271484375
3.81797226145864,14961.275390625
3.82569036446512,14962.21875
3.83329251781106,14964.703125
3.84136824868619,14962.197265625
3.84910521097481,14961.2275390625
3.85708478279412,14962.494140625
3.86480079032481,14961.9609375
3.87280411086977,14961.5234375
3.88042931444943,14963.349609375
3.88817442581058,14961.80078125
3.89624806120992,14962.076171875
3.90373822301626,14961.8212890625
3.9116432890296,14962.552734375
3.91939654946327,14961.8056640625
3.92749952152371,14964.4140625
3.93532915040851,14962.228515625
3.9432467892766,14961.6103515625
3.95086733624339,14962.0146484375
3.95889207720757,14961.0498046875
3.96683160215616,14962.9169921875
3.97453410550952,14963.3759765625
3.98249505087733,14962.330078125
3.99068463593721,14961.8408203125
3.9984374307096,14964.3740234375
4.00625448673964,14961.1630859375
4.01440588757396,14959.8359375
4.02230117470026,14963.537109375
4.03005024418235,14958.9033203125
4.03756555169821,14958.6396484375
4.04583336785436,14961.9560546875
4.05346695333719,14959.21484375
4.06134501099586,14958.1748046875
4.06892690807581,14959.4658203125
4.07671276479959,14957.9140625
4.0849382057786,14959.2353515625
4.09262767061591,14961.3671875
4.10061329603195,14959.90234375
4.10827901214361,14959.7294921875
4.11605462431908,14959.3828125
4.12409100681543,14957.1005859375
4.13199933245778,14956.564453125
4.13966458290815,14958.9833984375
4.14750957861543,14958.4345703125
4.15533408522606,14958.59375
4.16323821991682,14960.6630859375
4.17161732912064,14957.5947265625
4.17926767840981,14959.8369140625
4.18701581656933,14958.6552734375
4.19499631971121,14956.5595703125
4.20291535556316,14957.052734375
4.21076826751232,14959.1064453125
4.2184004560113,14955.591796875
4.22657234594226,14955.912109375
4.23445412889123,14959.6630859375
4.24247095361352,14957.1162109375
4.25031641498208,14958.6318359375
4.25821030512452,14959.669921875
4.26603620871902,14957.7783203125
4.27397480234504,14956.3193359375
4.28208662196994,14957.1162109375
4.28998656570911,14955.8876953125
4.29781014099717,14956.4375
4.30565420538187,14956.3134765625
4.31362167000771,14953.853515625
4.32164873927832,14956.4833984375
4.32953890413046,14955.8740234375
4.33736341074109,14953.9755859375
4.34551760554314,14957.37890625
4.35342965647578,14957.1669921875
4.36149537563324,14952.8173828125
4.3692709878087,14953.986328125
4.37717093154788,14954.6298828125
4.38496191054583,14952.05078125
4.39306907355785,14954.6513671875
4.40099043771625,14955.52734375
4.40882425755262,14951.8544921875
4.41648438572884,14952.1943359375
4.42462135106325,14954.5673828125
4.43259952589869,14954.30859375
4.44074021652341,14954.0654296875
4.44874446839094,14954.931640625
4.45661880075932,14951.34375
4.46454482153058,14951.9716796875
4.4727111235261,14952.400390625
4.48053237050772,14952.0673828125
4.48848772794008,14952.2119140625
4.49649756774306,14952.3154296875
4.50451904907823,14951.2529296875
4.5122723095119,14952.8369140625
4.52051917091012,14953.3759765625
4.52831108123064,14949.876953125
4.53637912869453,14952.6015625
4.54459805041552,14951.97265625
4.55245468765497,14948.6318359375
4.56036254763603,14948.9716796875
4.56819729879498,14951.2197265625
4.57611260935664,14948.884765625
4.58424491807818,14951.669921875
4.59234975278378,14951.2763671875
4.60019847378135,14947.546875
4.60822694003582,14949.994140625
4.61636856198311,14950.890625
4.62440075352788,14948.3505859375
4.6321670524776,14948.44921875
4.64015081524849,14948.744140625
4.64813597500324,14946.595703125
4.6559339389205,14946.2548828125
4.66408394277096,14950.6767578125
4.67208959162235,14948.2392578125
4.67991037294269,14948.841796875
4.68849809840322,14947.5
4.6962914057076,14946.16796875
4.70423465594649,14946.185546875
4.71228314563632,14945.4775390625
4.71989391371608,14945.474609375
4.7282800078392,14945.849609375
4.73599880933762,14946.2158203125
4.74423356354237,14942.681640625
4.75201942026615,14945.9296875
4.76012751460075,14945.07421875
4.76821511983871,14945.86328125
4.77624218910933,14948.0078125
4.78442432358861,14946.6279296875
4.79249563068151,14944.0400390625
4.80061210691929,14944.0546875
4.80863964185119,14946.2783203125
4.81642177328467,14943.8193359375
4.8244995996356,14944.0712890625
4.83273714780807,14945.859375
4.84085036441684,14944.7763671875
4.84868604689837,14944.38671875
4.85694268718362,14945.375
4.86516812816262,14945.0625
4.87324735149741,14945.8837890625
4.88147465512156,14941.7919921875
4.88976668566465,14941.9072265625
4.89764800295234,14942.6826171875
4.90567414090037,14942.3916015625
4.91369655355811,14941
4.92162816226482,14942.63671875
4.92980796843767,14941.6357421875
4.93782572448254,14940.08203125
4.94613731279969,14940.7724609375
4.95420815423131,14941.7666015625
4.9621257930994,14939.0986328125
4.97019616886973,14942.732421875
4.97871730476618,14939.58203125
4.98653249815106,14939.140625
4.99465642496943,14939.4873046875
5.00285439193249,14941.19921875
5.01073850318789,14939.7509765625
5.0189383327961,14939.4541015625
5.02730114385486,14940.232421875
5.03535894677043,14940.306640625
5.04329986870289,14937.8515625
5.05139632150531,14938.087890625
5.05980430170894,14940.0625
5.06766699254513,14937.60546875
5.07607264444232,14936.5712890625
5.0842659547925,14937.5068359375
5.09232003241777,14937.734375
5.10047841817141,14938.1337890625
5.10888546705246,14938.263671875
5.11702476069331,14939.8173828125
5.12524414807558,14937.1396484375
5.13352733105421,14936.8388671875
5.14194602146745,14936.5
5.14995446428657,14935.96875
5.15800761058927,14935.0380859375
5.16620464622974,14936.5947265625
5.1740538328886,14933.0595703125
5.1824701949954,14933.1044921875
5.19053544849157,14934.7802734375
5.19895646721125,14934.1484375
5.20692812278867,14933.388671875
5.21544879302382,14933.818359375
5.22343488410115,14933.693359375
5.23202586919069,14931.236328125
5.23982709273696,14930.662109375
5.24769071489573,14932.5634765625
5.2560968324542,14932.1181640625
5.26433950290084,14931.5634765625
5.27250114828348,14929.5146484375
5.28091238811612,14930.615234375
5.28900697827339,14933.1787109375
5.29720494523644,14929.892578125
5.30533865094185,14930.68359375
5.31372847035527,14930.03515625
5.32184075564146,14927.880859375
5.32993441447616,14927.5126953125
5.33828837797046,14928.55078125
5.34634990617633,14928.30859375
5.35470573231578,14928.662109375
5.36265876144171,14928.2255859375
5.37102250382304,14928.6494140625
5.37963584065437,14926.2216796875
5.38753252476454,14929.2509765625
5.3960201330483,14929.990234375
5.40398992598057,14928.1552734375
5.41227962821722,14928
5.4208030924201,14926.7890625
5.42896240949631,14926.3935546875
5.43755432590842,14925.4736328125
5.44559210538864,14925.3251953125
5.45421475544572,14926.1826171875
5.46216499060392,14924.7607421875
5.47035038471222,14923.841796875
5.47844963148236,14924.4169921875
5.48703130334616,14925.28515625
5.49524324014783,14922.1494140625
5.50370290875435,14923.138671875
5.51197584718466,14922.8359375
5.51990140229464,14919.5078125
5.52827259525657,14921.701171875
5.53658697754145,14922.1083984375
5.54491439834237,14920.8447265625
5.55324833840132,14923.138671875
5.56126888841391,14923.8271484375
5.56954322382808,14919.47265625
5.57817798107862,14921.2529296875
5.58654079213738,14921.3525390625
5.59440907090902,14919.298828125
5.60295907780528,14919.9921875
5.61119150370359,14919.2294921875
5.61959343031049,14919.767578125
5.6278882548213,14918.4677734375
5.63607737421989,14919.310546875
5.64445601776242,14919.7421875
5.65307820215821,14921.35546875
5.66140282899141,14919.07421875
5.66942198202014,14918.791015625
5.67817641422153,14918.09765625
5.68633666262031,14916.076171875
5.69484662264585,14916.5068359375
5.70332258939743,14917.9130859375
5.71154430508614,14916.6923828125
5.7199471630156,14915.373046875
5.72827504947782,14917.3876953125
5.73665043339133,14915.3671875
5.74526330456138,14914.306640625
5.75348176062107,14915.18359375
5.76173327863216,14914.2890625
5.77016547322273,14910.6923828125
5.7784509845078,14911.427734375
5.78672718256712,14912.5849609375
5.7950927875936,14911.974609375
5.80354314297438,14912.830078125
5.81175042316318,14911.3564453125
5.82022778689861,14910.9013671875
5.82884345203638,14911.0087890625
5.83718856796622,14910.125
5.84571762010455,14911.4140625
5.85419172421098,14911.1904296875
5.86257828399539,14910.5986328125
5.8707594871521,14907.3359375
5.87918004021049,14910.025390625
5.88726438581944,14907.3916015625
5.89601509273052,14908.482421875
5.90463215485215,14908.35546875
5.91311976313591,14907.1611328125
5.92116173356771,14905.5263671875
5.92942768707871,14908.7509765625
5.93791948631406,14905.7099609375
5.94662269577384,14905.6533203125
5.95499714836478,14907.91796875
5.9633506461978,14905.271484375
5.97177213057876,14905.814453125
5.98049629479647,14905.5654296875
5.98873989656568,14905.0732421875
5.99720794707537,14905.90234375
6.00588088855147,14906.701171875
6.0143624432385,14904.6591796875
6.02290453389287,14903.8359375
6.03128783404827,14904.4130859375
6.03993237018585,14901.5625
6.04841765016317,14901.7177734375
6.05678698047996,14901.5205078125
6.06520567089319,14899.3310546875
6.07374403625727,14899.404296875
6.0822949744761,14902.283203125
6.090865470469,14900.408203125
6.09929533675313,14901.931640625
6.10791519284248,14901.634765625
6.11634459346533,14897.69140625
6.12481497228146,14895.4111328125
6.13352889195085,14897.9716796875
6.14200718700886,14896.81640625
6.15047616884112,14896.34375
6.1589446850121,14897.900390625
6.16742251440883,14896.283203125
6.17588730528951,14894.8662109375
6.18425849825144,14897.1455078125
6.1926837079227,14895.287109375
6.20149169117212,14894.7587890625
6.20987080037594,14895.384765625
6.2187253497541,14893.55078125
6.22684322297573,14892.4736328125
6.23535830527544,14893.142578125
6.24388409778476,14892.517578125
6.25249370932579,14893.0869140625
6.26108562573791,14895.119140625
6.26965286210179,14891.0361328125
6.27847155556083,14892.2607421875
6.28725532442331,14893.56640625
6.29560323432088,14890.6025390625
6.3042058609426,14892.5224609375
6.31292769685388,14893.322265625
6.32127514109015,14888.6826171875
6.32999045774341,14888.40234375
6.33883243426681,14891.1484375
6.34694565087557,14888.1591796875
6.35578436776996,14888.994140625
6.36431621387601,14888.8232421875
6.37276004999876,14885.9072265625
6.3815382309258,14885.484375
6.39025121927261,14886.9013671875
6.39859493821859,14885.091796875
6.4072017557919,14884.6044921875
6.41576945781708,14884.9765625
6.42423378303647,14881.9267578125
6.43307017162442,14883.30859375
6.44150795415044,14881.9189453125
6.44987868145108,14882.38671875
6.45845802500844,14884.380859375
6.46732933819294,14885.333984375
6.47581089287996,14880.216796875
6.48462725803256,14882.93359375
6.49314559996128,14881.24609375
6.50155218318105,14878.5908203125
6.51053385809064,14881.025390625
6.51869084686041,14879.4296875
6.52735866606236,14876.1826171875
6.53568282723427,14877.9736328125
6.54471246525645,14879.6015625
6.55320566147566,14878.0185546875
6.56184228137136,14879.90234375
6.57069636508822,14879.9912109375
6.57904986292124,14876.431640625
6.58813724294305,14877.55078125
6.59687677398324,14877.015625
6.60522049292922,14874.822265625
6.61407271400094,14875.3720703125
6.62289466708899,14876.8251953125
6.63141440600157,14873.67578125
6.64022890850902,14875.7890625
6.64903922006488,14874.568359375
6.65764464065433,14873.685546875
6.66640419512987,14875.24609375
6.67533138766885,14872.7734375
6.68383063748479,14869.1005859375
6.6929729655385,14871.7939453125
6.70133763924241,14871.7685546875
6.71001197770238,14869.33203125
6.71896385028958,14872.072265625
6.72750547528267,14871.5927734375
6.73632975667715,14867.419921875
6.74516661092639,14870.3701171875
6.75386935472488,14868.3876953125
6.76256883889437,14865.267578125
6.77125575020909,14867.99609375
6.779870018363,14868.7412109375
6.788847502321,14862.2763671875
6.79742405191064,14865.275390625
6.80613704025745,14864.5693359375
6.81486167013645,14863.3466796875
6.82373065501451,14863.7958984375
6.83212978765368,14863.666015625
6.84090657159686,14863.275390625
6.8500037305057,14863.7080078125
6.85873534530401,14861.01171875
6.8673868663609,14860.8095703125
6.87626795843244,14862.546875
6.88484590500593,14862.1630859375
6.89361756667495,14858.181640625
6.90266536548734,14860.5009765625
6.91135553643107,14860.3173828125
6.91994978114963,14858.671875
6.92865112796426,14859.90234375
6.93764677271247,14858.4541015625
6.9464179687202,14855.953125
6.9555277004838,14859.419921875
6.96443486958742,14859.763671875
6.97315577417612,14856.5302734375
6.98189344257116,14857.72265625
6.99070049449801,14856.810546875
6.99968636035919,14852.8193359375
7.00830109417439,14853.1787109375
7.01735960319638,14855.5888671875
7.02622719109058,14853.953125
7.03535182401538,14853.6591796875
7.04387575387955,14852.9326171875
7.05267721787095,14849.67578125
7.06181768327951,14852.2783203125
7.07055255770683,14847.279296875
7.07941502332687,14849.6552734375
7.08838179707527,14850.267578125
7.09690246731043,14848.619140625
7.1059544570744,14845.2841796875
7.11461156606674,14848.1162109375
7.12361792102456,14847.962890625
7.13231554254889,14846.4033203125
7.14123900979757,14849.76171875
7.15009635314345,14845.353515625
7.15914601460099,14842.6865234375
7.16791395097971,14845.912109375
7.17683462426066,14843.4462890625
7.18566821888089,14843.1181640625
7.19432719051838,14844.6748046875
7.2031975723803,14843.6337890625
7.21265841275454,14839.0576171875
7.22130108624697,14843.74609375
7.23022641614079,14842.7275390625
7.23911728709936,14842.7734375
7.24846823140979,14842.404296875
7.25720124319196,14839.396484375
7.26590259000659,14838.193359375
7.27525213733315,14839.2431640625
7.28417653590441,14837.076171875
7.29284808039665,14837.115234375
7.30201695114374,14839.564453125
7.31069594621658,14835.64453125
7.32006505131721,14834.349609375
7.328768260777,14836.2509765625
7.33830267563462,14835.611328125
7.3470389470458,14834.3251953125
7.35594006255269,14836.4765625
7.3653063736856,14833.3251953125
7.37403193488717,14829.5986328125
7.38329160958529,14833.08984375
7.39199575036764,14831.1953125
7.4009308591485,14829.345703125
7.4097360484302,14831.587890625
7.41884298622608,14831.4853515625
7.42787728086114,14827.783203125
7.43714347481728,14829.509765625
7.44602596387267,14828.099609375
7.45497178286314,14827.361328125
7.46396649628878,14828.7216796875
7.47299613431096,14825.1171875
7.48196057975292,14823.2998046875
7.49109499156475,14824.1396484375
7.49989692121744,14823.4306640625
7.50887813046575,14823.033203125
7.51806981861591,14825.525390625
7.52686057239771,14823.1513671875
7.53596844151616,14821.9072265625
7.54529610276222,14824.59375
7.5545352883637,14820.7099609375
7.56368273869157,14821.1005859375
7.5727105140686,14821.6015625
7.58192781358957,14819.2783203125
7.59075488895178,14817.5849609375
7.59993493556976,14821.0712890625
7.60919507592916,14818.4169921875
7.61812133714557,14818.408203125
7.62734422460198,14820.5009765625
7.63663463294506,14817.3974609375
7.6457392424345,14814.177734375
7.65483966097236,14816.0029296875
7.66358897089958,14812.853515625
7.67298741266131,14813.1064453125
7.68211856484413,14812.55859375
7.69101362675428,14811.1171875
7.70019739866257,14812.4404296875
7.70942820236087,14812.8125
7.7184634283185,14809.734375
7.7278483659029,14810.7080078125
7.73685146123171,14812.1455078125
7.7461744658649,14808.5869140625
7.75526557117701,14808.025390625
7.76434363797307,14806.7861328125
7.7737090177834,14804.671875
7.78250629082322,14805.5234375
7.7916719019413,14807.193359375
7.80073972418904,14804.041015625
7.81006319448352,14804.751953125
7.81957246363163,14805.021484375
7.82870128750801,14802.2998046875
7.83792790025473,14802.5771484375
7.84709863364697,14804.568359375
7.85628706216812,14801.556640625
7.86545127630234,14798.6455078125
7.87465833127499,14801.3984375
7.88403116166592,14798.951171875
7.8933984041214,14799.0703125
7.90220405906439,14799.546875
7.91193265467882,14797.6572265625
7.92110245674849,14796.2060546875
7.93038681149483,14797.5966796875
7.94000457972288,14795.609375
7.94924423098564,14796.9072265625
7.95847550034523,14796.4794921875
7.96758849173784,14790.5302734375
7.97700975090265,14792.0390625
7.98617582768202,14792.2880859375
7.99547601491213,14791.2099609375
8.00507981330156,14792.8603515625
8.01443215459585,14792.2626953125
8.02355818450451,14789.201171875
8.03304277360439,14789.7099609375
8.04262142628431,14791.83203125
8.05195327848196,14785.8369140625
8.06135125458241,14786.93359375
8.07046983391047,14786.1025390625
8.07967688888311,14783.21484375
8.08901805430651,14781.955078125
8.09821207076311,14785.498046875
8.10756999999285,14784.2861328125
8.11714679002762,14783.8994140625
8.12646467238665,14783.619140625
8.13590083271265,14782.109375
8.14526807516813,14782.8173828125
8.15458782017231,14779.1083984375
8.16395226866007,14778.353515625
8.17321427166462,14778.2138671875
8.18272773176432,14779.6943359375
8.19218251854181,14776.181640625
8.20158421993256,14778.9033203125
8.21089558303356,14779.5126953125
8.22054222226143,14776.388671875
8.23019072413445,14777.8486328125
8.2397349178791,14776.0986328125
8.2493657246232,14772.310546875
8.25879815965891,14772.9033203125
8.26801918447018,14772.5693359375
8.27770121395588,14769.1923828125
8.28696694225073,14770.3271484375
8.29634070396423,14772.1689453125
8.30595847219229,14767.755859375
8.31529498100281,14767.794921875
8.3248158916831,14768.728515625
8.33469536155462,14767.2607421875
8.34405235946178,14766.73046875
8.35369993001223,14766.0419921875
8.36311932653189,14764.1240234375
8.37275385856628,14762.0791015625
8.38223472237587,14761.2548828125
8.39185900986195,14761.6220703125
8.4008714184165,14763.0166015625
8.41072387993336,14761.4130859375
8.42028949409723,14759.99609375
8.42973031103611,14759.56640625
8.4392074495554,14759.693359375
8.44926945865154,14757.736328125
8.4584653377533,14757.669921875
8.46797972917557,14755.978515625
8.47731716930866,14753.14453125
8.48689302802086,14754.126953125
8.49645398557186,14752.0888671875
8.50591622292995,14750.97265625
8.51544085890055,14751.6005859375
8.52520018815994,14753.16015625
8.53454973548651,14749.546875
8.54423735290766,14750.173828125
8.55391006916761,14751.6083984375
8.56362655758858,14749.759765625
8.57316609472036,14748.8720703125
8.58299992978573,14746.9736328125
8.59256461262703,14745.5283203125
8.60193558037281,14745.685546875
8.61192774027586,14744.083984375
8.62126238644123,14745.126953125
8.63116048276424,14744.5068359375
8.64067766815424,14742.615234375
8.6505888029933,14740.1533203125
8.66037886589766,14742.35546875
8.66998825222254,14739.3359375
8.67956411093473,14736.91796875
8.68912786245346,14737.4013671875
8.69878847151995,14736.3271484375
8.70825350284576,14734.890625
8.71791876852512,14735.439453125
8.72751604765654,14734.9736328125
8.73745046555996,14733.60546875
8.74713528901339,14734.375
8.75680427998304,14731.5478515625
8.76648351550102,14730.197265625
8.77626985311508,14729.0947265625
8.7860245257616,14729.4912109375
8.79573542624712,14727.671875
8.80509428679943,14726.939453125
8.81469249725342,14726.234375
8.82458779960871,14726.03515625
8.83434154093266,14725.6025390625
8.84404592216015,14722.6943359375
8.85386299341917,14723.646484375
8.86357855051756,14722.9453125
8.87301471084356,14720.9921875
8.88283364474773,14718.66796875
8.89246445149183,14719.923828125
8.90231225639582,14718.3828125
8.91222711652517,14718.107421875
8.92182346433401,14718.5859375
8.93161818385124,14716.841796875
8.94152373075485,14715.779296875
8.95134452730417,14716.8671875
8.96120350807905,14713.7705078125
8.97090788930655,14713.548828125
8.98102018982172,14713.1201171875
8.9906333014369,14711.0771484375
9.00035537779331,14708.2734375
9.01032239198685,14709.3232421875
9.0202372521162,14708.20703125
9.02998354285955,14708.6044921875
9.03961155563593,14707.4443359375
9.04965773224831,14704.783203125
9.05957352370024,14703.94140625
9.06927045434713,14702.6806640625
9.07913874834776,14700.12890625
9.08885337412357,14701.046875
9.09862574189901,14700.11328125
9.10848751664162,14697.85546875
9.11856163293123,14696.5986328125
9.12821851670742,14697.087890625
9.13795921951532,14695.7119140625
9.14769992232323,14696.953125
9.15789511054754,14696.310546875
9.1677438467741,14691.4580078125
9.17734112590551,14690.6904296875
9.18756145983934,14692.62890625
9.19725373387337,14686.9501953125
9.20697115361691,14687.4755859375
9.21707972884178,14687.8525390625
9.22679994255304,14687.2001953125
9.23672039061785,14685.0224609375
9.24669019877911,14685.6923828125
9.25640668720007,14685.052734375
9.26638394594193,14685.8994140625
9.27643943578005,14683.10546875
9.28650144487619,14681.8349609375
9.29670594632626,14680.8154296875
9.30664874613285,14678.2666015625
9.31616127490997,14677.3642578125
9.32631269097328,14677.88671875
9.33644454926252,14676.3408203125
9.34610702097416,14672.845703125
9.35610942542553,14674.84375
9.36631113290787,14673.658203125
9.3763330951333,14671.8251953125
9.38673038035631,14673.2265625
9.39654745161533,14671.060546875
9.4065647572279,14666.8642578125
9.41642187535763,14665.845703125
9.42650903016329,14665.8076171875
9.43633448332548,14663.8779296875
9.4465147703886,14663.943359375
9.45649389177561,14664.3935546875
9.46667697280645,14660.6318359375
9.47692431509495,14660.6982421875
9.48703568428755,14659.5751953125
9.49695985764265,14658.693359375
9.50695853680372,14658.63671875
9.51695069670677,14653.8349609375
9.52701643109322,14652.982421875
9.53703187406063,14653.734375
9.54725965857506,14650.9990234375
9.55705530941486,14649.13671875
9.56718344241381,14650.5283203125
9.57705918699503,14649.11328125
9.5871826633811,14647.0439453125
9.59741324186325,14647.216796875
9.60757024586201,14644.2783203125
9.61765274405479,14644.833984375
9.62791964411736,14643.3193359375
9.63796023279428,14641.751953125
9.64779686182737,14638.5966796875
9.65788122266531,14639.06640625
9.66798327863216,14637.8544921875
9.67853982001543,14637.34765625
9.68862418085337,14636.3740234375
9.69889294356108,14636.060546875
9.70909558236599,14632.14453125
9.71924141049385,14630.0927734375
9.7291124984622,14630.052734375
9.73942410200834,14629.017578125
9.74957551807165,14628.623046875
9.75954905152321,14624.6083984375
9.77002177387476,14625.439453125
9.78002417832613,14624.7861328125
9.79025382548571,14620.8173828125
9.80043690651655,14620.8671875
9.81095153838396,14621.46484375
9.82079561799765,14618.0966796875
9.83091257512569,14615.5107421875
9.84108075499535,14617.1787109375
9.85139887779951,14613.875
9.86147485673428,14611.275390625
9.87152196466923,14612.439453125
9.881810285151,14609.5830078125
9.8919915035367,14606.6298828125
9.9023375660181,14608.4853515625
9.91230178624392,14606.86328125
9.92264784872532,14603.5576171875
9.93286073207855,14604.259765625
9.94301214814186,14602.056640625
9.95329301804304,14599.2958984375
9.96337924152613,14598.0791015625
9.97385941445827,14597.3310546875
9.98393818736076,14596.53515625
9.99416410923004,14595.5302734375
10.0045064464211,14592.615234375
10.0151775404811,14589.900390625
10.0253457203507,14591.9443359375
10.0355967879295,14588.8642578125
10.0457044318318,14585.7412109375
10.0559983402491,14586.830078125
10.066594928503,14583.125
10.076598264277,14579.1005859375
10.0867347791791,14580.515625
10.0968796759844,14577.9482421875
10.107334703207,14576.255859375
10.1176081225276,14579.1591796875
10.1279569789767,14574.5048828125
10.1384185254574,14572.4150390625
10.148654691875,14572.6220703125
10.1590873673558,14569.1494140625
10.1694911718369,14568.6611328125
10.1795643568039,14566.58203125
10.1898182183504,14562.8232421875
10.2000134065747,14561.6826171875
10.2105727419257,14561.5341796875
10.220748372376,14559.1181640625
10.230959393084,14558.8125
10.2415634319186,14558.0595703125
10.2517986670136,14553.9365234375
10.2619268000126,14552.4306640625
10.2724144235253,14551.98046875
10.2825630456209,14547.9296875
10.2930199354887,14546.59765625
10.3034265339375,14546.517578125
10.3137670084834,14541.9404296875
10.3242937475443,14542.869140625
10.334525257349,14540.388671875
10.3452634066343,14537.1689453125
10.3556327521801,14536.009765625
10.3659396991134,14537.3466796875
10.3764701634645,14532.5986328125
10.3866551071405,14530.052734375
10.3973355144262,14530.814453125
10.4077542200685,14526.0234375
10.4181868955493,14524.4140625
10.4284668341279,14524.107421875
10.4388818144798,14521.453125
10.4492381215096,14517.318359375
10.4597099125385,14519.5
10.4703828692436,14517.2138671875
10.480965487659,14514.9150390625
10.4912566021085,14513.96484375
10.5016008019447,14509.00390625
10.512282140553,14508.1962890625
10.5227744206786,14505.158203125
10.533019900322,14501.7333984375
10.5436611920595,14501.6484375
10.5542335659266,14499.015625
10.5644892901182,14494.978515625
10.5747729539871,14494.00390625
10.5856126174331,14494.3359375
10.5960443615913,14490.4443359375
10.6064099818468,14490.4775390625
10.6168258935213,14487.2900390625
10.6276599690318,14480.7197265625
10.6376772746444,14477.7197265625
10.6482077389956,14478.869140625
10.6585510075092,14475.779296875
10.6689371168613,14474.80859375
10.6796501204371,14474.4951171875
10.690139606595,14469.349609375
10.7006346806884,14468.8603515625
10.7112610712647,14467.16796875
10.7218511402607,14464.4384765625
10.7325585559011,14462.822265625
10.7430852949619,14458.1123046875
10.75339037925,14453.4384765625
10.7640931382775,14453.4140625
10.7748154550791,14452.8427734375
10.7849407941103,14447.455078125
10.7957813888788,14449.072265625
10.8064701780677,14445.0693359375
10.8168851584196,14439.5
10.8273811638355,14438.9853515625
10.8382515609264,14437.52734375
10.8488947153091,14433.099609375
10.8591904863715,14430.0556640625
10.8700059354305,14429.162109375
10.8805391937494,14423.7646484375
10.8909625560045,14422.09375
10.9016932547092,14421.7978515625
10.9125040471554,14416.291015625
10.9229879453778,14415.8583984375
10.9334969893098,14413.638671875
10.9440004453063,14407.26953125
10.9550254419446,14405.5849609375
10.9650539234281,14401.9453125
10.9758013859391,14397.505859375
10.9864119440317,14397.228515625
10.996806435287,14394.2265625
11.0076479613781,14390.69921875
11.0184215009212,14389.0068359375
11.0289808362722,14385.974609375
11.0393781214952,14381.763671875
11.049940250814,14381.0263671875
11.0612018033862,14378.3349609375
11.0716754570603,14371.271484375
11.0820233821869,14369.8544921875
11.0927382484078,14366.5888671875
11.1035853624344,14362.7197265625
11.1141670495272,14361.41015625
11.124586686492,14358.0537109375
11.1351292580366,14353.11328125
11.1457835882902,14352.3994140625
11.1566372215748,14350.26953125
11.1672338098288,14344.3251953125
11.178064160049,14342.05859375
11.1886700615287,14338.23828125
11.1992033198476,14331.98828125
11.2099554389715,14329.251953125
11.2207168713212,14327.31640625
11.2310834228992,14324.0068359375
11.2421019002795,14320.8193359375
11.2527078017592,14317.33203125
11.263407766819,14311.375
11.2740583717823,14310.318359375
11.2844128161669,14306.4150390625
11.2955151125789,14300.7978515625
11.3056618720293,14298.6650390625
11.3165359944105,14293.1796875
11.3270673900843,14287.68359375
11.3376481458545,14285.849609375
11.3481162115932,14283.693359375
11.3587519153953,14277.71875
11.3696483895183,14278.380859375
11.38009224087,14270.8720703125
11.3909607753158,14265.01953125
11.4016216248274,14264.51953125
11.4122182130814,14259.302734375
11.4225978031754,14253.861328125
11.4333024248481,14252.0400390625
11.4438869059086,14247.587890625
11.4545905962586,14241.9208984375
11.4649916067719,14239.16015625
11.4758918061852,14234.5546875
11.4866280928254,14230.4599609375
11.4973774179816,14227.9248046875
11.5082934498787,14222.1708984375
11.5186916664243,14215.0673828125
11.5294465795159,14213.6337890625
11.5398494526744,14208.5283203125
11.550716124475,14204.4833984375
11.5614645183086,14202.7939453125
11.5721374750137,14195.3095703125
11.5829585120082,14190.904296875
11.5933045744896,14187.3017578125
11.6044338792562,14183.890625
11.6151105612516,14177.0634765625
11.6257658228278,14174.0869140625
11.6365617141128,14168.3759765625
11.6470912471414,14163.0849609375
11.6575602442026,14160.5546875
11.6684576496482,14155.359375
11.6792460903525,14148.4560546875
11.6897784173489,14144.8115234375
11.7004299536347,14139.671875
11.7111522704363,14133.7080078125
11.7218410596251,14128.701171875
11.7323063313961,14125.544921875
11.7433713749051,14117.462890625
11.7538766935468,14114.9638671875
11.7642842233181,14106.2705078125
11.7750503122807,14101.1748046875
11.7856720462441,14098.47265625
11.795949190855,14092.19921875
11.8067488074303,14088.9248046875
11.8174776434898,14084.8564453125
11.8282875046134,14076.98046875
11.8387537077069,14072.248046875
11.8495477363467,14067.2890625
11.8603138253093,14061.416015625
11.8709271773696,14056.2294921875
11.8815489113331,14051.7470703125
11.8924668058753,14043.8916015625
11.9033502414823,14038.064453125
11.9140259921551,14035.083984375
11.924784630537,14030.6103515625
11.9352722540498,14022.5361328125
11.94619666785,14018.14453125
11.9571499526501,14012.1728515625
11.9678396731615,14004.7822265625
11.9784269481897,13999.1875
11.9891865178943,13993.5517578125
12.0000932365656,13987.24609375
12.010638602078,13982.7626953125
12.0211699977517,13976.0546875
12.0319351553917,13969.771484375
12.0428651571274,13965.4052734375
12.0537644252181,13957.83203125
12.0644820854068,13951.9912109375
12.0756477117538,13946.4345703125
12.085841037333,13937.19140625
12.0968278497458,13930.4267578125
12.1075222268701,13925.16015625
12.1180769056082,13920.41796875
12.1288225054741,13913.6044921875
12.139443308115,13909.041015625
12.1503099799156,13899.333984375
12.1611654758453,13893.2314453125
12.1717816218734,13888.263671875
12.1826510876417,13881.703125
12.1933910995722,13872.4443359375
12.2038731351495,13868.0517578125
12.2145768254995,13859.6640625
12.2255189344287,13852.0263671875
12.236244045198,13845.4814453125
12.2470445930958,13838.85546875
12.2577557340264,13834.2158203125
12.268646620214,13826.6474609375
12.2796623036265,13819.041015625
12.2903604060411,13813.5966796875
12.3011637479067,13806.3662109375
12.3119512572885,13796.896484375
12.322748079896,13790.4404296875
12.3335616663098,13784.0302734375
12.3442811891437,13774.6435546875
12.3549671843648,13769.17578125
12.3657640069723,13761.857421875
12.3767098411918,13753.5849609375
12.3876454308629,13748.533203125
12.3986983671784,13740.75
12.4095752835274,13730.7685546875
12.4203013256192,13723.072265625
12.4311661347747,13717.50390625
12.4417431652546,13708.3271484375
12.4525260180235,13699.3115234375
12.4631701037288,13692.205078125
12.4740218743682,13684.0322265625
12.4847516417503,13676.1630859375
12.4954460188746,13667.080078125
12.5061208382249,13661.404296875
12.5169269740582,13654.259765625
12.5275896862149,13644.91015625
12.5383399426937,13634.3134765625
12.5493202358484,13629.3193359375
12.5599186867476,13619.0244140625
12.5706782564521,13611.3427734375
12.5812515616417,13604.0693359375
12.5919487327337,13595.220703125
12.6029811799526,13586.3818359375
12.613439001143,13579.41796875
12.6243624836206,13570.6044921875
12.6352170482278,13561.3466796875
12.6460893079638,13554.7939453125
12.6569336280227,13545.4365234375
12.6677826046944,13535.4619140625
12.6784862950444,13525.9375
12.6892011612654,13518.2099609375
12.6997586339712,13508.36328125
12.7111673355103,13501.3291015625
12.7218663692474,13491.7470703125
12.7324480563402,13481.6103515625
12.7434581518173,13473.41015625
12.7544347196817,13464.4169921875
12.7649139612913,13454.5458984375
12.7759110182524,13447.2216796875
12.7866910770535,13437.251953125
12.7977579832077,13426.943359375
12.8085324540734,13418.2158203125
12.8193451091647,13408.703125
12.8298811614513,13398.1298828125
12.8409657627344,13390.5751953125
12.8517765551805,13378.8291015625
12.8626581281424,13368.8818359375
12.8732714802027,13360.3056640625
12.8842461854219,13348.2685546875
12.8948772326112,13337.6474609375
12.9056684672832,13329.671875
12.9161747172475,13319.72265625
12.9273124039173,13307.8095703125
12.9379043355584,13300.556640625
12.9487970843911,13288.6533203125
12.9595343023539,13278.6533203125
12.9700461402535,13269.439453125
12.98095472157,13258.671875
12.9918195307255,13246.349609375
13.0028314888477,13235.49609375
13.0135267972946,13224.7216796875
13.0239808931947,13215.0263671875
13.0348429083824,13207.3173828125
13.0455195903778,13193.6826171875
13.0564766004682,13182.87890625
13.0674308165908,13173.921875
13.0781382322311,13162.1708984375
13.0893932655454,13151.255859375
13.1000718101859,13140.5087890625
13.1108500063419,13128.1376953125
13.121628202498,13115.4111328125
13.1327137351036,13106.1591796875
13.1432060152292,13092.4140625
13.1541965529323,13081.0263671875
13.1649672985077,13071.6201171875
13.1758339703083,13058.8466796875
13.1867732852697,13047.7529296875
13.1976567208767,13036.876953125
13.2086025550961,13024.537109375
13.2193695753813,13010.9775390625
13.2303647696972,12998.029296875
13.2409380748868,12986.0830078125
13.2518829777837,12972.673828125
13.2625438272953,12960.935546875
13.273149728775,12946.4853515625
13.2842278108001,12937.2763671875
13.2946716621518,12924.7109375
13.3055811747909,12910.25390625
13.3165214210749,12898.1455078125
13.3274951949716,12888.2314453125
13.3382901549339,12872.90234375
13.3490534499288,12860.12109375
13.3598614484072,12847.32421875
13.3703975006938,12832.52734375
13.3813368156552,12820.546875
13.3923720568419,12808.23046875
13.4033691138029,12793.146484375
13.4141491726041,12779.837890625
13.4249702095985,12770.4541015625
13.4359756484628,12753.5078125
13.4467612951994,12739.0537109375
13.4578552097082,12726.1884765625
13.4685095399618,12710.2392578125
13.479514978826,12696.4248046875
13.4901693090796,12683.6533203125
13.5013535618782,12668.9873046875
13.5121438652277,12654.3466796875
13.5229006409645,12641.6162109375
13.5336806997657,12625.6064453125
13.5446293279529,12612.431640625
13.5556990280747,12598.7216796875
13.5666783899069,12580.3984375
13.5777583345771,12565.9912109375
13.5886697098613,12550.5322265625
13.5994339361787,12534.1455078125
13.6102344840765,12519.4638671875
13.6213414371014,12504.6142578125
13.6318607255816,12487.7216796875
13.6426687240601,12472.8515625
13.6539023369551,12458.509765625
13.664722442627,12440.5478515625
13.6754978448153,12425.2685546875
13.6868515983224,12411.0673828125
13.6975580826402,12389.5859375
13.7084806337953,12374.1328125
13.7192914262414,12359.2890625
13.730357401073,12340.8203125
13.741597533226,12324.8369140625
13.7520413845778,12307.5224609375
13.7629080563784,12290.5625
13.7739358469844,12273.982421875
13.7848844751716,12256.828125
13.7959811836481,12238.5712890625
13.8069950044155,12220.43359375
13.8180525973439,12203.564453125
13.8287274166942,12181.1787109375
13.8401323929429,12165.1640625
13.8510204851627,12147.92578125
13.8617660850286,12127.25390625
13.8726653531194,12110.7119140625
13.8839818537235,12092.8251953125
13.8945933431387,12070.390625
13.9058036729693,12053.2744140625
13.9171350747347,12034.30078125
13.928322121501,12011.5576171875
13.9390202239156,11992.9345703125
13.9501811936498,11973.8671875
13.9613235369325,11950.21875
13.9722293242812,11930.6787109375
13.9830345287919,11911.0068359375
13.9940828084946,11888.3447265625
14.0051310881972,11869.4091796875
14.0162678435445,11849.4189453125
14.0268644317985,11825.099609375
14.0385059639812,11805.37890625
14.049575664103,11780.7080078125
14.0603501349688,11757.931640625
14.0714589506388,11737.2978515625
14.082632958889,11714.1474609375
14.0935350209475,11689.3671875
14.1042675822973,11668.48046875
14.1153540462255,11646.6787109375
14.1262477263808,11620.8818359375
14.1375940293074,11600.720703125
14.1486153006554,11575.2490234375
14.1598004847765,11548.52734375
14.1707444563508,11526.1650390625
14.1818961128592,11500.443359375
14.1929145902395,11475.1279296875
14.2041239887476,11451.0712890625
14.2150316387415,11426.990234375
14.2263174057007,11396.6982421875
14.2372297123075,11373.4453125
14.2483850941062,11346.4013671875
14.2598273232579,11318.63671875
14.2711391672492,11292.1201171875
14.2822442576289,11264.0712890625
14.2931863665581,11232.98046875
14.3042905256152,11206.2568359375
14.3157476559281,11177.4814453125
14.3265398219228,11148.5693359375
14.3378740176558,11121.7216796875
14.3490293994546,11091.0341796875
14.3602658063173,11058.787109375
14.3713429570198,11030.154296875
14.3828438594937,10998.2861328125
14.3938083201647,10966.060546875
14.4050056114793,10935.029296875
14.4161209464073,10904.126953125
14.427094720304,10869.205078125
14.4383432343602,10838.7373046875
14.4492080435157,10803.02734375
14.4606223329902,10769.69921875
14.4714992493391,10739.6123046875
14.4824152812362,10704.671875
14.4934924319386,10666.69921875
14.5046915858984,10632.2685546875
14.5153906196356,10598.05859375
14.5260943099856,10558.8564453125
14.5368166267872,10522.3740234375
14.5477540791035,10484.7275390625
14.5587837323546,10446.4384765625
14.56946041435,10408.705078125
14.5803056657314,10369.2529296875
14.5913697779179,10331.0341796875
14.6026872098446,10293.55078125
14.6137811243534,10251.546875
14.6246859803796,10205.2431640625
14.6361039951444,10165.4697265625
14.6473189815879,10121.2529296875
14.6582517772913,10076.6962890625
14.6696735173464,10031.814453125
14.6808782592416,9987.599609375
14.6922161802649,9938.5546875
14.7036230191588,9895.623046875
14.7149302065372,9846.03125
14.7261004894972,9795.3671875
14.7375296801329,9747.3076171875
14.7489262744784,9695.4345703125
14.7603508085012,9640.7900390625
14.7718694061041,9590.22265625
14.7833926603198,9536.525390625
14.795171096921,9478.8828125
14.8065984249115,9424.0498046875
14.8184429854155,9365.576171875
14.8303415626287,9302.96875
14.8419942706823,9239.44921875
14.854365028441,9166.775390625
14.8670841008425,9086.2734375
14.8801682516932,8987.375
14.9056361988187,8371.2724609375
18.0706102401018,-116.978713989258
